geography,species,period,month_number,month,mean_suitability,mean_suitability_unweighted,median_suitability,p25_suitability,p75_suitability,spatial_temporal_sd,share_suitable_area,share_suitable_cells,n_total_cells,n_total_cell_years,n_valid_cell_years,n_missing_cell_years,missing_fraction
North Korea,aegypti,1975-1984,1,January,0.001000,0.001000,0.001000,0.001000,0.001000,0.000000,0.000000,0.000000,215,2150,2150,0,0.000000
North Korea,aegypti,1975-1984,2,February,0.001000,0.001000,0.001000,0.001000,0.001000,0.000000,0.000000,0.000000,215,2150,2150,0,0.000000
North Korea,aegypti,1975-1984,3,March,0.001000,0.001000,0.001000,0.001000,0.001000,0.000000,0.000000,0.000000,215,2150,2150,0,0.000000
North Korea,aegypti,1975-1984,4,April,0.005799,0.005697,0.001000,0.001000,0.001000,0.021051,0.000000,0.000000,215,2150,2150,0,0.000000
North Korea,aegypti,1975-1984,5,May,0.084706,0.084239,0.100000,0.100000,0.100000,0.053902,0.000000,0.000000,215,2150,2150,0,0.000000
North Korea,aegypti,1975-1984,6,June,0.351189,0.348744,0.300000,0.100000,0.500000,0.208689,0.434017,0.428837,215,2150,2150,0,0.000000
North Korea,aegypti,1975-1984,7,July,0.550810,0.549439,0.600000,0.400000,0.700000,0.214947,0.747316,0.745116,215,2150,2150,0,0.000000
North Korea,aegypti,1975-1984,8,August,0.556367,0.554783,0.600000,0.400000,0.700000,0.236690,0.731642,0.728837,215,2150,2150,0,0.000000
North Korea,aegypti,1975-1984,9,September,0.230309,0.228290,0.100000,0.100000,0.300000,0.193460,0.203629,0.200465,215,2150,2150,0,0.000000
North Korea,aegypti,1975-1984,10,October,0.034994,0.034481,0.001000,0.001000,0.100000,0.048019,0.000000,0.000000,215,2150,2150,0,0.000000
North Korea,aegypti,1975-1984,11,November,0.001000,0.001000,0.001000,0.001000,0.001000,0.000000,0.000000,0.000000,215,2150,2150,0,0.000000
North Korea,aegypti,1975-1984,12,December,0.001000,0.001000,0.001000,0.001000,0.001000,0.000000,0.000000,0.000000,215,2150,2150,0,0.000000
North Korea,aegypti,1995-2004,1,January,0.001000,0.001000,0.001000,0.001000,0.001000,0.000000,0.000000,0.000000,215,2150,2150,0,0.000000
North Korea,aegypti,1995-2004,2,February,0.001000,0.001000,0.001000,0.001000,0.001000,0.000000,0.000000,0.000000,215,2150,2150,0,0.000000
North Korea,aegypti,1995-2004,3,March,0.001000,0.001000,0.001000,0.001000,0.001000,0.000000,0.000000,0.000000,215,2150,2150,0,0.000000
North Korea,aegypti,1995-2004,4,April,0.013509,0.013294,0.001000,0.001000,0.001000,0.032657,0.000000,0.000000,215,2150,2150,0,0.000000
North Korea,aegypti,1995-2004,5,May,0.103616,0.103016,0.100000,0.100000,0.100000,0.068603,0.001436,0.001395,215,2150,2150,0,0.000000
North Korea,aegypti,1995-2004,6,June,0.392010,0.389721,0.400000,0.200000,0.600000,0.218100,0.499074,0.494419,215,2150,2150,0,0.000000
North Korea,aegypti,1995-2004,7,July,0.583035,0.581993,0.600000,0.500000,0.700000,0.206885,0.788327,0.786977,215,2150,2150,0,0.000000
North Korea,aegypti,1995-2004,8,August,0.566298,0.565062,0.600000,0.400000,0.700000,0.224648,0.747059,0.745116,215,2150,2150,0,0.000000
North Korea,aegypti,1995-2004,9,September,0.278170,0.275999,0.200000,0.100000,0.500000,0.210246,0.310440,0.306512,215,2150,2150,0,0.000000
North Korea,aegypti,1995-2004,10,October,0.036056,0.035589,0.001000,0.001000,0.100000,0.049041,0.000000,0.000000,215,2150,2150,0,0.000000
North Korea,aegypti,1995-2004,11,November,0.001000,0.001000,0.001000,0.001000,0.001000,0.000000,0.000000,0.000000,215,2150,2150,0,0.000000
North Korea,aegypti,1995-2004,12,December,0.001000,0.001000,0.001000,0.001000,0.001000,0.000000,0.000000,0.000000,215,2150,2150,0,0.000000
North Korea,aegypti,2015-2024,1,January,0.001000,0.001000,0.001000,0.001000,0.001000,0.000000,0.000000,0.000000,215,2150,2150,0,0.000000
North Korea,aegypti,2015-2024,2,February,0.001000,0.001000,0.001000,0.001000,0.001000,0.000000,0.000000,0.000000,215,2150,2150,0,0.000000
North Korea,aegypti,2015-2024,3,March,0.001000,0.001000,0.001000,0.001000,0.001000,0.000000,0.000000,0.000000,215,2150,2150,0,0.000000
North Korea,aegypti,2015-2024,4,April,0.020094,0.019741,0.001000,0.001000,0.001000,0.038792,0.000000,0.000000,215,2150,2150,0,0.000000
North Korea,aegypti,2015-2024,5,May,0.118443,0.117680,0.100000,0.100000,0.100000,0.078835,0.005244,0.005116,215,2150,2150,0,0.000000
North Korea,aegypti,2015-2024,6,June,0.416172,0.413768,0.500000,0.200000,0.600000,0.224667,0.529446,0.524651,215,2150,2150,0,0.000000
North Korea,aegypti,2015-2024,7,July,0.638186,0.637288,0.600000,0.500000,0.800000,0.189641,0.879449,0.878605,215,2150,2150,0,0.000000
North Korea,aegypti,2015-2024,8,August,0.601972,0.601008,0.600000,0.500000,0.800000,0.217448,0.808758,0.807442,215,2150,2150,0,0.000000
North Korea,aegypti,2015-2024,9,September,0.337685,0.335267,0.300000,0.100000,0.500000,0.230492,0.404078,0.399535,215,2150,2150,0,0.000000
North Korea,aegypti,2015-2024,10,October,0.043951,0.043376,0.001000,0.001000,0.100000,0.052023,0.000000,0.000000,215,2150,2150,0,0.000000
North Korea,aegypti,2015-2024,11,November,0.001000,0.001000,0.001000,0.001000,0.001000,0.000000,0.000000,0.000000,215,2150,2150,0,0.000000
North Korea,aegypti,2015-2024,12,December,0.001000,0.001000,0.001000,0.001000,0.001000,0.000000,0.000000,0.000000,215,2150,2150,0,0.000000
South Korea,aegypti,1975-1984,1,January,0.001000,0.001000,0.001000,0.001000,0.001000,0.000000,0.000000,0.000000,155,1550,1550,0,0.000000
South Korea,aegypti,1975-1984,2,February,0.001000,0.001000,0.001000,0.001000,0.001000,0.000000,0.000000,0.000000,155,1550,1550,0,0.000000
South Korea,aegypti,1975-1984,3,March,0.001000,0.001000,0.001000,0.001000,0.001000,0.000000,0.000000,0.000000,155,1550,1550,0,0.000000
South Korea,aegypti,1975-1984,4,April,0.060389,0.060081,0.100000,0.001000,0.100000,0.048580,0.000000,0.000000,155,1550,1550,0,0.000000
South Korea,aegypti,1975-1984,5,May,0.187453,0.186968,0.200000,0.100000,0.200000,0.113278,0.059708,0.059355,155,1550,1550,0,0.000000
South Korea,aegypti,1975-1984,6,June,0.549050,0.548194,0.600000,0.500000,0.700000,0.189883,0.761497,0.759355,155,1550,1550,0,0.000000
South Korea,aegypti,1975-1984,7,July,0.689220,0.688625,0.700000,0.600000,0.900000,0.163801,0.962282,0.961935,155,1550,1550,0,0.000000
South Korea,aegypti,1975-1984,8,August,0.696759,0.695968,0.700000,0.600000,0.900000,0.178049,0.950322,0.949677,155,1550,1550,0,0.000000
South Korea,aegypti,1975-1984,9,September,0.484878,0.483546,0.500000,0.300000,0.600000,0.216801,0.651453,0.649032,155,1550,1550,0,0.000000
South Korea,aegypti,1975-1984,10,October,0.111891,0.111443,0.100000,0.100000,0.100000,0.070459,0.011935,0.011613,155,1550,1550,0,0.000000
South Korea,aegypti,1975-1984,11,November,0.006931,0.006812,0.001000,0.001000,0.001000,0.023280,0.000000,0.000000,155,1550,1550,0,0.000000
South Korea,aegypti,1975-1984,12,December,0.001000,0.001000,0.001000,0.001000,0.001000,0.000000,0.000000,0.000000,155,1550,1550,0,0.000000
South Korea,aegypti,1995-2004,1,January,0.001000,0.001000,0.001000,0.001000,0.001000,0.000000,0.000000,0.000000,155,1550,1550,0,0.000000
South Korea,aegypti,1995-2004,2,February,0.001000,0.001000,0.001000,0.001000,0.001000,0.000000,0.000000,0.000000,155,1550,1550,0,0.000000
South Korea,aegypti,1995-2004,3,March,0.001132,0.001128,0.001000,0.001000,0.001000,0.003555,0.000000,0.000000,155,1550,1550,0,0.000000
South Korea,aegypti,1995-2004,4,April,0.063044,0.062790,0.100000,0.001000,0.100000,0.053174,0.000000,0.000000,155,1550,1550,0,0.000000
South Korea,aegypti,1995-2004,5,May,0.241399,0.240710,0.200000,0.100000,0.300000,0.147019,0.165542,0.164516,155,1550,1550,0,0.000000
South Korea,aegypti,1995-2004,6,June,0.590884,0.590129,0.600000,0.500000,0.700000,0.200160,0.812200,0.810323,155,1550,1550,0,0.000000
South Korea,aegypti,1995-2004,7,July,0.727869,0.727299,0.700000,0.600000,0.900000,0.170658,0.971260,0.970968,155,1550,1550,0,0.000000
South Korea,aegypti,1995-2004,8,August,0.693238,0.692488,0.700000,0.600000,0.900000,0.178738,0.948257,0.947742,155,1550,1550,0,0.000000
South Korea,aegypti,1995-2004,9,September,0.527196,0.525866,0.600000,0.400000,0.600000,0.215515,0.724995,0.722581,155,1550,1550,0,0.000000
South Korea,aegypti,1995-2004,10,October,0.118161,0.117643,0.100000,0.100000,0.100000,0.081736,0.017799,0.017419,155,1550,1550,0,0.000000
South Korea,aegypti,1995-2004,11,November,0.008986,0.008856,0.001000,0.001000,0.001000,0.026768,0.000000,0.000000,155,1550,1550,0,0.000000
South Korea,aegypti,1995-2004,12,December,0.001000,0.001000,0.001000,0.001000,0.001000,0.000000,0.000000,0.000000,155,1550,1550,0,0.000000
South Korea,aegypti,2015-2024,1,January,0.001000,0.001000,0.001000,0.001000,0.001000,0.000000,0.000000,0.000000,155,1550,1550,0,0.000000
South Korea,aegypti,2015-2024,2,February,0.001000,0.001000,0.001000,0.001000,0.001000,0.000000,0.000000,0.000000,155,1550,1550,0,0.000000
South Korea,aegypti,2015-2024,3,March,0.002769,0.002725,0.001000,0.001000,0.001000,0.012956,0.000000,0.000000,155,1550,1550,0,0.000000
South Korea,aegypti,2015-2024,4,April,0.079052,0.078819,0.100000,0.100000,0.100000,0.046373,0.000000,0.000000,155,1550,1550,0,0.000000
South Korea,aegypti,2015-2024,5,May,0.288824,0.288000,0.200000,0.100000,0.500000,0.161571,0.262653,0.261290,155,1550,1550,0,0.000000
South Korea,aegypti,2015-2024,6,June,0.677870,0.677081,0.700000,0.600000,0.900000,0.188606,0.908382,0.907097,155,1550,1550,0,0.000000
South Korea,aegypti,2015-2024,7,July,0.736715,0.736279,0.700000,0.600000,0.900000,0.159343,0.988411,0.988387,155,1550,1550,0,0.000000
South Korea,aegypti,2015-2024,8,August,0.738533,0.738036,0.700000,0.600000,0.900000,0.151453,0.990489,0.990323,155,1550,1550,0,0.000000
South Korea,aegypti,2015-2024,9,September,0.634608,0.633534,0.600000,0.500000,0.800000,0.208532,0.855451,0.853548,155,1550,1550,0,0.000000
South Korea,aegypti,2015-2024,10,October,0.147394,0.146806,0.100000,0.100000,0.200000,0.098812,0.037483,0.036774,155,1550,1550,0,0.000000
South Korea,aegypti,2015-2024,11,November,0.015427,0.015243,0.001000,0.001000,0.001000,0.034756,0.000000,0.000000,155,1550,1550,0,0.000000
South Korea,aegypti,2015-2024,12,December,0.001000,0.001000,0.001000,0.001000,0.001000,0.000000,0.000000,0.000000,155,1550,1550,0,0.000000
Korean Peninsula,aegypti,1975-1984,1,January,0.001000,0.001000,0.001000,0.001000,0.001000,0.000000,0.000000,0.000000,370,3700,3700,0,0.000000
Korean Peninsula,aegypti,1975-1984,2,February,0.001000,0.001000,0.001000,0.001000,0.001000,0.000000,0.000000,0.000000,370,3700,3700,0,0.000000
Korean Peninsula,aegypti,1975-1984,3,March,0.001000,0.001000,0.001000,0.001000,0.001000,0.000000,0.000000,0.000000,370,3700,3700,0,0.000000
Korean Peninsula,aegypti,1975-1984,4,April,0.029364,0.028479,0.001000,0.001000,0.100000,0.044338,0.000000,0.000000,370,3700,3700,0,0.000000
Korean Peninsula,aegypti,1975-1984,5,May,0.129060,0.127274,0.100000,0.100000,0.200000,0.098138,0.025775,0.024865,370,3700,3700,0,0.000000
Korean Peninsula,aegypti,1975-1984,6,June,0.436602,0.432297,0.500000,0.200000,0.600000,0.223800,0.575384,0.567297,370,3700,3700,0,0.000000
Korean Peninsula,aegypti,1975-1984,7,July,0.610559,0.607747,0.600000,0.500000,0.800000,0.206869,0.840112,0.835946,370,3700,3700,0,0.000000
Korean Peninsula,aegypti,1975-1984,8,August,0.616971,0.613928,0.600000,0.500000,0.800000,0.225113,0.826042,0.821351,370,3700,3700,0,0.000000
Korean Peninsula,aegypti,1975-1984,9,September,0.340201,0.335222,0.300000,0.100000,0.500000,0.239357,0.396946,0.388378,370,3700,3700,0,0.000000
Korean Peninsula,aegypti,1975-1984,10,October,0.068189,0.066722,0.100000,0.001000,0.100000,0.069719,0.005152,0.004865,370,3700,3700,0,0.000000
Korean Peninsula,aegypti,1975-1984,11,November,0.003560,0.003435,0.001000,0.001000,0.001000,0.015336,0.000000,0.000000,370,3700,3700,0,0.000000
Korean Peninsula,aegypti,1975-1984,12,December,0.001000,0.001000,0.001000,0.001000,0.001000,0.000000,0.000000,0.000000,370,3700,3700,0,0.000000
Korean Peninsula,aegypti,1995-2004,1,January,0.001000,0.001000,0.001000,0.001000,0.001000,0.000000,0.000000,0.000000,370,3700,3700,0,0.000000
Korean Peninsula,aegypti,1995-2004,2,February,0.001000,0.001000,0.001000,0.001000,0.001000,0.000000,0.000000,0.000000,370,3700,3700,0,0.000000
Korean Peninsula,aegypti,1995-2004,3,March,0.001057,0.001054,0.001000,0.001000,0.001000,0.002301,0.000000,0.000000,370,3700,3700,0,0.000000
Korean Peninsula,aegypti,1995-2004,4,April,0.034892,0.034029,0.001000,0.001000,0.100000,0.048991,0.000000,0.000000,370,3700,3700,0,0.000000
Korean Peninsula,aegypti,1995-2004,5,May,0.163094,0.160698,0.100000,0.100000,0.200000,0.128071,0.072278,0.069730,370,3700,3700,0,0.000000
Korean Peninsula,aegypti,1995-2004,6,June,0.477860,0.473676,0.500000,0.300000,0.600000,0.232792,0.634245,0.626757,370,3700,3700,0,0.000000
Korean Peninsula,aegypti,1995-2004,7,July,0.645557,0.642864,0.600000,0.500000,0.800000,0.205435,0.867295,0.864054,370,3700,3700,0,0.000000
Korean Peninsula,aegypti,1995-2004,8,August,0.621095,0.618443,0.600000,0.500000,0.800000,0.215989,0.833912,0.830000,370,3700,3700,0,0.000000
Korean Peninsula,aegypti,1995-2004,9,September,0.385669,0.380673,0.400000,0.100000,0.600000,0.245628,0.489395,0.480811,370,3700,3700,0,0.000000
Korean Peninsula,aegypti,1995-2004,10,October,0.071499,0.069963,0.100000,0.001000,0.100000,0.076382,0.007683,0.007297,370,3700,3700,0,0.000000
Korean Peninsula,aegypti,1995-2004,11,November,0.004448,0.004291,0.001000,0.001000,0.001000,0.017750,0.000000,0.000000,370,3700,3700,0,0.000000
Korean Peninsula,aegypti,1995-2004,12,December,0.001000,0.001000,0.001000,0.001000,0.001000,0.000000,0.000000,0.000000,370,3700,3700,0,0.000000
Korean Peninsula,aegypti,2015-2024,1,January,0.001000,0.001000,0.001000,0.001000,0.001000,0.000000,0.000000,0.000000,370,3700,3700,0,0.000000
Korean Peninsula,aegypti,2015-2024,2,February,0.001000,0.001000,0.001000,0.001000,0.001000,0.000000,0.000000,0.000000,370,3700,3700,0,0.000000
Korean Peninsula,aegypti,2015-2024,3,March,0.001764,0.001722,0.001000,0.001000,0.001000,0.008427,0.000000,0.000000,370,3700,3700,0,0.000000
Korean Peninsula,aegypti,2015-2024,4,April,0.045545,0.044490,0.001000,0.001000,0.100000,0.051231,0.000000,0.000000,370,3700,3700,0,0.000000
Korean Peninsula,aegypti,2015-2024,5,May,0.191993,0.189030,0.100000,0.100000,0.200000,0.146990,0.116362,0.112432,370,3700,3700,0,0.000000
Korean Peninsula,aegypti,2015-2024,6,June,0.529142,0.524075,0.600000,0.300000,0.700000,0.247190,0.693025,0.684865,370,3700,3700,0,0.000000
Korean Peninsula,aegypti,2015-2024,7,July,0.680719,0.678757,0.700000,0.600000,0.800000,0.184152,0.926486,0.924595,370,3700,3700,0,0.000000
Korean Peninsula,aegypti,2015-2024,8,August,0.660923,0.658412,0.600000,0.600000,0.800000,0.204078,0.887207,0.884054,370,3700,3700,0,0.000000
Korean Peninsula,aegypti,2015-2024,9,September,0.465861,0.460217,0.500000,0.200000,0.600000,0.265964,0.598927,0.589730,370,3700,3700,0,0.000000
Korean Peninsula,aegypti,2015-2024,10,October,0.088606,0.086705,0.100000,0.001000,0.100000,0.090917,0.016181,0.015405,370,3700,3700,0,0.000000
Korean Peninsula,aegypti,2015-2024,11,November,0.007228,0.006967,0.001000,0.001000,0.001000,0.023564,0.000000,0.000000,370,3700,3700,0,0.000000
Korean Peninsula,aegypti,2015-2024,12,December,0.001000,0.001000,0.001000,0.001000,0.001000,0.000000,0.000000,0.000000,370,3700,3700,0,0.000000
North Korea,albopictus,1975-1984,1,January,0.001000,0.001000,0.001000,0.001000,0.001000,0.000000,0.000000,0.000000,215,2150,2150,0,0.000000
North Korea,albopictus,1975-1984,2,February,0.001000,0.001000,0.001000,0.001000,0.001000,0.000000,0.000000,0.000000,215,2150,2150,0,0.000000
North Korea,albopictus,1975-1984,3,March,0.001000,0.001000,0.001000,0.001000,0.001000,0.000000,0.000000,0.000000,215,2150,2150,0,0.000000
North Korea,albopictus,1975-1984,4,April,0.055014,0.054460,0.100000,0.001000,0.100000,0.049353,0.000000,0.000000,215,2150,2150,0,0.000000
North Korea,albopictus,1975-1984,5,May,0.231301,0.229445,0.100000,0.100000,0.300000,0.169640,0.220750,0.217209,215,2150,2150,0,0.000000
North Korea,albopictus,1975-1984,6,June,0.612056,0.609812,0.600000,0.500000,0.800000,0.226758,0.821924,0.819535,215,2150,2150,0,0.000000
North Korea,albopictus,1975-1984,7,July,0.760456,0.759449,0.800000,0.600000,0.900000,0.149422,0.995869,0.995814,215,2150,2150,0,0.000000
North Korea,albopictus,1975-1984,8,August,0.756930,0.755760,0.800000,0.600000,0.900000,0.165563,0.978007,0.977674,215,2150,2150,0,0.000000
North Korea,albopictus,1975-1984,9,September,0.455691,0.452739,0.500000,0.100000,0.600000,0.272201,0.608235,0.603256,215,2150,2150,0,0.000000
North Korea,albopictus,1975-1984,10,October,0.089680,0.088823,0.100000,0.001000,0.100000,0.094147,0.025180,0.024651,215,2150,2150,0,0.000000
North Korea,albopictus,1975-1984,11,November,0.006933,0.006802,0.001000,0.001000,0.001000,0.023259,0.000000,0.000000,215,2150,2150,0,0.000000
North Korea,albopictus,1975-1984,12,December,0.001000,0.001000,0.001000,0.001000,0.001000,0.000000,0.000000,0.000000,215,2150,2150,0,0.000000
North Korea,albopictus,1995-2004,1,January,0.001000,0.001000,0.001000,0.001000,0.001000,0.000000,0.000000,0.000000,215,2150,2150,0,0.000000
North Korea,albopictus,1995-2004,2,February,0.001000,0.001000,0.001000,0.001000,0.001000,0.000000,0.000000,0.000000,215,2150,2150,0,0.000000
North Korea,albopictus,1995-2004,3,March,0.001000,0.001000,0.001000,0.001000,0.001000,0.000000,0.000000,0.000000,215,2150,2150,0,0.000000
North Korea,albopictus,1995-2004,4,April,0.065291,0.064794,0.100000,0.001000,0.100000,0.052328,0.000479,0.000465,215,2150,2150,0,0.000000
North Korea,albopictus,1995-2004,5,May,0.280979,0.278794,0.200000,0.100000,0.500000,0.196844,0.334751,0.330233,215,2150,2150,0,0.000000
North Korea,albopictus,1995-2004,6,June,0.660681,0.658786,0.700000,0.600000,0.800000,0.202866,0.889904,0.888372,215,2150,2150,0,0.000000
North Korea,albopictus,1995-2004,7,July,0.780867,0.780086,0.800000,0.600000,0.900000,0.140151,0.997193,0.997209,215,2150,2150,0,0.000000
North Korea,albopictus,1995-2004,8,August,0.769021,0.768185,0.800000,0.600000,0.900000,0.147467,0.993519,0.993488,215,2150,2150,0,0.000000
North Korea,albopictus,1995-2004,9,September,0.514524,0.511807,0.600000,0.200000,0.700000,0.272047,0.690013,0.686047,215,2150,2150,0,0.000000
North Korea,albopictus,1995-2004,10,October,0.096770,0.095958,0.100000,0.001000,0.100000,0.102263,0.035515,0.034884,215,2150,2150,0,0.000000
North Korea,albopictus,1995-2004,11,November,0.006311,0.006203,0.001000,0.001000,0.001000,0.022097,0.000000,0.000000,215,2150,2150,0,0.000000
North Korea,albopictus,1995-2004,12,December,0.001000,0.001000,0.001000,0.001000,0.001000,0.000000,0.000000,0.000000,215,2150,2150,0,0.000000
North Korea,albopictus,2015-2024,1,January,0.001000,0.001000,0.001000,0.001000,0.001000,0.000000,0.000000,0.000000,215,2150,2150,0,0.000000
North Korea,albopictus,2015-2024,2,February,0.001000,0.001000,0.001000,0.001000,0.001000,0.000000,0.000000,0.000000,215,2150,2150,0,0.000000
North Korea,albopictus,2015-2024,3,March,0.001993,0.001967,0.001000,0.001000,0.001000,0.009739,0.000000,0.000000,215,2150,2150,0,0.000000
North Korea,albopictus,2015-2024,4,April,0.069062,0.068565,0.100000,0.001000,0.100000,0.050050,0.000479,0.000465,215,2150,2150,0,0.000000
North Korea,albopictus,2015-2024,5,May,0.327027,0.324607,0.300000,0.100000,0.500000,0.207789,0.424845,0.419535,215,2150,2150,0,0.000000
North Korea,albopictus,2015-2024,6,June,0.686505,0.684687,0.700000,0.600000,0.900000,0.191578,0.921123,0.920000,215,2150,2150,0,0.000000
North Korea,albopictus,2015-2024,7,July,0.802391,0.801765,0.800000,0.700000,0.900000,0.127256,0.996337,0.996279,215,2150,2150,0,0.000000
North Korea,albopictus,2015-2024,8,August,0.778482,0.777994,0.800000,0.700000,0.900000,0.154826,0.980319,0.980465,215,2150,2150,0,0.000000
North Korea,albopictus,2015-2024,9,September,0.583690,0.581195,0.600000,0.500000,0.800000,0.261199,0.771032,0.767907,215,2150,2150,0,0.000000
North Korea,albopictus,2015-2024,10,October,0.113420,0.112337,0.100000,0.100000,0.100000,0.118523,0.052255,0.051163,215,2150,2150,0,0.000000
North Korea,albopictus,2015-2024,11,November,0.010304,0.010117,0.001000,0.001000,0.001000,0.028633,0.000000,0.000000,215,2150,2150,0,0.000000
North Korea,albopictus,2015-2024,12,December,0.001000,0.001000,0.001000,0.001000,0.001000,0.000000,0.000000,0.000000,215,2150,2150,0,0.000000
South Korea,albopictus,1975-1984,1,January,0.001265,0.001255,0.001000,0.001000,0.001000,0.005024,0.000000,0.000000,155,1550,1550,0,0.000000
South Korea,albopictus,1975-1984,2,February,0.001526,0.001511,0.001000,0.001000,0.001000,0.007096,0.000000,0.000000,155,1550,1550,0,0.000000
South Korea,albopictus,1975-1984,3,March,0.016444,0.016201,0.001000,0.001000,0.001000,0.035703,0.000000,0.000000,155,1550,1550,0,0.000000
South Korea,albopictus,1975-1984,4,April,0.113521,0.113297,0.100000,0.100000,0.100000,0.046602,0.005290,0.005161,155,1550,1550,0,0.000000
South Korea,albopictus,1975-1984,5,May,0.460962,0.459806,0.500000,0.300000,0.600000,0.191197,0.690045,0.687742,155,1550,1550,0,0.000000
South Korea,albopictus,1975-1984,6,June,0.737954,0.737340,0.700000,0.600000,0.900000,0.143089,0.999345,0.999355,155,1550,1550,0,0.000000
South Korea,albopictus,1975-1984,7,July,0.756551,0.756094,0.800000,0.600000,0.900000,0.137838,1.000000,1.000000,155,1550,1550,0,0.000000
South Korea,albopictus,1975-1984,8,August,0.754805,0.754290,0.800000,0.600000,0.900000,0.142606,0.993045,0.992903,155,1550,1550,0,0.000000
South Korea,albopictus,1975-1984,9,September,0.699791,0.698881,0.700000,0.600000,0.900000,0.168017,0.958668,0.958065,155,1550,1550,0,0.000000
South Korea,albopictus,1975-1984,10,October,0.282135,0.280839,0.200000,0.100000,0.500000,0.197957,0.305012,0.302581,155,1550,1550,0,0.000000
South Korea,albopictus,1975-1984,11,November,0.061156,0.060857,0.100000,0.001000,0.100000,0.051636,0.000669,0.000645,155,1550,1550,0,0.000000
South Korea,albopictus,1975-1984,12,December,0.003105,0.003044,0.001000,0.001000,0.001000,0.014082,0.000000,0.000000,155,1550,1550,0,0.000000
South Korea,albopictus,1995-2004,1,January,0.001066,0.001064,0.001000,0.001000,0.001000,0.002515,0.000000,0.000000,155,1550,1550,0,0.000000
South Korea,albopictus,1995-2004,2,February,0.001795,0.001766,0.001000,0.001000,0.001000,0.008680,0.000000,0.000000,155,1550,1550,0,0.000000
South Korea,albopictus,1995-2004,3,March,0.021168,0.020928,0.001000,0.001000,0.001000,0.039708,0.000000,0.000000,155,1550,1550,0,0.000000
South Korea,albopictus,1995-2004,4,April,0.140447,0.140073,0.100000,0.100000,0.100000,0.112769,0.063700,0.063226,155,1550,1550,0,0.000000
South Korea,albopictus,1995-2004,5,May,0.515810,0.514645,0.600000,0.500000,0.600000,0.185249,0.774498,0.772258,155,1550,1550,0,0.000000
South Korea,albopictus,1995-2004,6,June,0.759290,0.758750,0.800000,0.600000,0.900000,0.143050,0.998090,0.998065,155,1550,1550,0,0.000000
South Korea,albopictus,1995-2004,7,July,0.786085,0.785626,0.800000,0.600000,0.900000,0.135186,1.000000,1.000000,155,1550,1550,0,0.000000
South Korea,albopictus,1995-2004,8,August,0.755441,0.754945,0.800000,0.600000,0.900000,0.139165,0.995529,0.995484,155,1550,1550,0,0.000000
South Korea,albopictus,1995-2004,9,September,0.729906,0.729071,0.700000,0.600000,0.900000,0.160447,0.975202,0.974839,155,1550,1550,0,0.000000
South Korea,albopictus,1995-2004,10,October,0.293406,0.292065,0.200000,0.100000,0.500000,0.206061,0.334138,0.331613,155,1550,1550,0,0.000000
South Korea,albopictus,1995-2004,11,November,0.059621,0.059274,0.100000,0.001000,0.100000,0.055637,0.001338,0.001290,155,1550,1550,0,0.000000
South Korea,albopictus,1995-2004,12,December,0.002914,0.002852,0.001000,0.001000,0.001000,0.013419,0.000000,0.000000,155,1550,1550,0,0.000000
South Korea,albopictus,2015-2024,1,January,0.001464,0.001447,0.001000,0.001000,0.001000,0.006640,0.000000,0.000000,155,1550,1550,0,0.000000
South Korea,albopictus,2015-2024,2,February,0.002901,0.002852,0.001000,0.001000,0.001000,0.013419,0.000000,0.000000,155,1550,1550,0,0.000000
South Korea,albopictus,2015-2024,3,March,0.054111,0.053821,0.100000,0.001000,0.100000,0.049404,0.000000,0.000000,155,1550,1550,0,0.000000
South Korea,albopictus,2015-2024,4,April,0.163941,0.163230,0.100000,0.100000,0.200000,0.124738,0.088228,0.087097,155,1550,1550,0,0.000000
South Korea,albopictus,2015-2024,5,May,0.564318,0.563226,0.600000,0.500000,0.700000,0.173789,0.845132,0.843226,155,1550,1550,0,0.000000
South Korea,albopictus,2015-2024,6,June,0.795898,0.795305,0.900000,0.700000,0.900000,0.133327,1.000000,1.000000,155,1550,1550,0,0.000000
South Korea,albopictus,2015-2024,7,July,0.776759,0.776419,0.800000,0.600000,0.900000,0.131260,1.000000,1.000000,155,1550,1550,0,0.000000
South Korea,albopictus,2015-2024,8,August,0.763823,0.763464,0.800000,0.600000,0.900000,0.132119,1.000000,1.000000,155,1550,1550,0,0.000000
South Korea,albopictus,2015-2024,9,September,0.785188,0.784534,0.800000,0.600000,0.900000,0.140804,1.000000,1.000000,155,1550,1550,0,0.000000
South Korea,albopictus,2015-2024,10,October,0.381341,0.379935,0.500000,0.200000,0.600000,0.217869,0.521913,0.519355,155,1550,1550,0,0.000000
South Korea,albopictus,2015-2024,11,November,0.083060,0.082674,0.100000,0.100000,0.100000,0.055470,0.005353,0.005161,155,1550,1550,0,0.000000
South Korea,albopictus,2015-2024,12,December,0.003171,0.003108,0.001000,0.001000,0.001000,0.014295,0.000000,0.000000,155,1550,1550,0,0.000000
Korean Peninsula,albopictus,1975-1984,1,January,0.001114,0.001107,0.001000,0.001000,0.001000,0.003254,0.000000,0.000000,370,3700,3700,0,0.000000
Korean Peninsula,albopictus,1975-1984,2,February,0.001227,0.001214,0.001000,0.001000,0.001000,0.004599,0.000000,0.000000,370,3700,3700,0,0.000000
Korean Peninsula,albopictus,1975-1984,3,March,0.007667,0.007368,0.001000,0.001000,0.001000,0.024291,0.000000,0.000000,370,3700,3700,0,0.000000
Korean Peninsula,albopictus,1975-1984,4,April,0.080270,0.079108,0.100000,0.001000,0.100000,0.056280,0.002284,0.002162,370,3700,3700,0,0.000000
Korean Peninsula,albopictus,1975-1984,5,May,0.330441,0.325948,0.200000,0.100000,0.500000,0.212011,0.423335,0.414324,370,3700,3700,0,0.000000
Korean Peninsula,albopictus,1975-1984,6,June,0.666403,0.663236,0.700000,0.600000,0.800000,0.205929,0.898513,0.894865,370,3700,3700,0,0.000000
Korean Peninsula,albopictus,1975-1984,7,July,0.758770,0.758043,0.800000,0.600000,0.900000,0.144673,0.997652,0.997568,370,3700,3700,0,0.000000
Korean Peninsula,albopictus,1975-1984,8,August,0.756013,0.755144,0.800000,0.600000,0.900000,0.156338,0.984499,0.984054,370,3700,3700,0,0.000000
Korean Peninsula,albopictus,1975-1984,9,September,0.561064,0.555853,0.600000,0.500000,0.800000,0.263855,0.759510,0.751892,370,3700,3700,0,0.000000
Korean Peninsula,albopictus,1975-1984,10,October,0.172759,0.169262,0.100000,0.100000,0.200000,0.174749,0.145978,0.141081,370,3700,3700,0,0.000000
Korean Peninsula,albopictus,1975-1984,11,November,0.030340,0.029447,0.001000,0.001000,0.100000,0.046285,0.000289,0.000270,370,3700,3700,0,0.000000
Korean Peninsula,albopictus,1975-1984,12,December,0.001909,0.001856,0.001000,0.001000,0.001000,0.009168,0.000000,0.000000,370,3700,3700,0,0.000000
Korean Peninsula,albopictus,1995-2004,1,January,0.001029,0.001027,0.001000,0.001000,0.001000,0.001628,0.000000,0.000000,370,3700,3700,0,0.000000
Korean Peninsula,albopictus,1995-2004,2,February,0.001343,0.001321,0.001000,0.001000,0.001000,0.005630,0.000000,0.000000,370,3700,3700,0,0.000000
Korean Peninsula,albopictus,1995-2004,3,March,0.009706,0.009348,0.001000,0.001000,0.001000,0.027513,0.000000,0.000000,370,3700,3700,0,0.000000
Korean Peninsula,albopictus,1995-2004,4,April,0.097734,0.096330,0.100000,0.100000,0.100000,0.091082,0.027770,0.026757,370,3700,3700,0,0.000000
Korean Peninsula,albopictus,1995-2004,5,May,0.382351,0.377597,0.500000,0.100000,0.600000,0.224558,0.524581,0.515405,370,3700,3700,0,0.000000
Korean Peninsula,albopictus,1995-2004,6,June,0.703249,0.700663,0.700000,0.600000,0.900000,0.186848,0.936606,0.934324,370,3700,3700,0,0.000000
Korean Peninsula,albopictus,1995-2004,7,July,0.783119,0.782407,0.800000,0.600000,0.900000,0.138101,0.998405,0.998378,370,3700,3700,0,0.000000
Korean Peninsula,albopictus,1995-2004,8,August,0.763159,0.762638,0.800000,0.600000,0.900000,0.144176,0.994387,0.994324,370,3700,3700,0,0.000000
Korean Peninsula,albopictus,1995-2004,9,September,0.607500,0.602823,0.600000,0.500000,0.800000,0.255482,0.813123,0.807027,370,3700,3700,0,0.000000
Korean Peninsula,albopictus,1995-2004,10,October,0.181654,0.178111,0.100000,0.100000,0.200000,0.182266,0.164425,0.159189,370,3700,3700,0,0.000000
Korean Peninsula,albopictus,1995-2004,11,November,0.029324,0.028435,0.001000,0.001000,0.100000,0.047600,0.000578,0.000541,370,3700,3700,0,0.000000
Korean Peninsula,albopictus,1995-2004,12,December,0.001826,0.001776,0.001000,0.001000,0.001000,0.008731,0.000000,0.000000,370,3700,3700,0,0.000000
Korean Peninsula,albopictus,2015-2024,1,January,0.001200,0.001187,0.001000,0.001000,0.001000,0.004303,0.000000,0.000000,370,3700,3700,0,0.000000
Korean Peninsula,albopictus,2015-2024,2,February,0.001821,0.001776,0.001000,0.001000,0.001000,0.008731,0.000000,0.000000,370,3700,3700,0,0.000000
Korean Peninsula,albopictus,2015-2024,3,March,0.024492,0.023690,0.001000,0.001000,0.001000,0.041616,0.000000,0.000000,370,3700,3700,0,0.000000
Korean Peninsula,albopictus,2015-2024,4,April,0.110020,0.108222,0.100000,0.100000,0.100000,0.100763,0.038358,0.036757,370,3700,3700,0,0.000000
Korean Peninsula,albopictus,2015-2024,5,May,0.429460,0.424569,0.500000,0.200000,0.600000,0.227147,0.606275,0.597027,370,3700,3700,0,0.000000
Korean Peninsula,albopictus,2015-2024,6,June,0.733728,0.731027,0.800000,0.600000,0.900000,0.178174,0.955173,0.953514,370,3700,3700,0,0.000000
Korean Peninsula,albopictus,2015-2024,7,July,0.791326,0.791147,0.800000,0.700000,0.900000,0.129536,0.997919,0.997838,370,3700,3700,0,0.000000
Korean Peninsula,albopictus,2015-2024,8,August,0.772154,0.771907,0.800000,0.600000,0.900000,0.145903,0.988815,0.988649,370,3700,3700,0,0.000000
Korean Peninsula,albopictus,2015-2024,9,September,0.670673,0.666377,0.700000,0.600000,0.900000,0.240845,0.869873,0.865135,370,3700,3700,0,0.000000
Korean Peninsula,albopictus,2015-2024,10,October,0.229076,0.224439,0.100000,0.100000,0.400000,0.213248,0.254997,0.247297,370,3700,3700,0,0.000000
Korean Peninsula,albopictus,2015-2024,11,November,0.041711,0.040512,0.001000,0.001000,0.100000,0.055197,0.002311,0.002162,370,3700,3700,0,0.000000
Korean Peninsula,albopictus,2015-2024,12,December,0.001937,0.001883,0.001000,0.001000,0.001000,0.009309,0.000000,0.000000,370,3700,3700,0,0.000000
