source_id,field_years,publication_year,geography,sites_or_scope,target_species_count,molecular_method,data_status,source_url,notes
LI_2005_MULTIPLEX_ITS2,foundational assay/reference material,2005,Republic of Korea,molecular identification of Korean Anopheles Hyrcanus Group,method/reference study; no harmonized abundance table,molecular identification using ITS2-based assay/reference sequences,method_reference_only,https://doi.org/10.11646/zootaxa.939.1.1,Foundational taxonomic reference; not merged as a response table.
RUEDA_2006_ROK_1998_2004,1998-2004,2006,Republic of Korea,204 collection locations reported in the article,"partial public-layer extraction: 45 records, 35 coordinate sites",molecular species records; original specimen protocol requires source review,individual_occurrence_records_included_partial,https://bioone.org/journals/journal-of-vector-ecology/volume-31/issue-1/1081-1710%282006%2931%5B198%3ADALHCO%5D2.0.CO%3B2/Distribution-and-larval-habitat-characteristics-of-span-classgenus-speciesAnopheles-span/10.3376/1081-1710%282006%2931%5B198%3ADALHCO%5D2.0.CO%3B2.full,No zero records or effort-standardized rates are inferred.
KIM_2007_ROK_2005_SURVEY,2005,2007,Republic of Korea,selected adult and larval surveillance sites,"3,194 An. sinensis among 4,534 Anopheles; 6,644 mosquitoes total",ITS2 within nuclear ribosomal DNA,individual_occurrence_records_included_partial,https://doi.org/10.1111/j.1748-5967.2007.00049.x,Published aggregate and partial public-layer records are kept separate.
FOLEY_2009_ROK_ENM,1998-2006,2009,Republic of Korea,occurrence points used for ecological niche modeling,152 unique An. sinensis sites before 5-km thinning; 80 retained for analysis,literature-linked molecular occurrence records; source-specific methods vary,analysis_reference_only,https://academic.oup.com/jme/article/46/3/680/861860,Occurrence-only ENM input; not an effort-standardized abundance panel.
KANG_2012_ROK_KDR,not stated in article summary,2012,Republic of Korea,22 locations,665 An. sinensis among 755 An. sinensis complex specimens; present at 21/22 sites,multiplex molecular assay for species; VGSC PCR and direct sequencing,published_aggregate_only,https://doi.org/10.1186/1475-2875-11-151,No collection year or site-level response rows were added without extraction from Table 1.
LEE_2022_FIELD_2020,May-early November 2020,2022,"Gyeonggi Province, Republic of Korea",6 high-risk near-DMZ sites plus Yongsan and Humphreys USAG,"165 An. sinensis among 1,622 assayed; 1,864 Anopheles identified to species",PCR species identification; P. vivax PCR separately,published_aggregate_only,https://doi.org/10.1093/jme/tjac086,Exact site-level target counts and non-detections were not available in the reviewed abstract record.
JEON_2025_FIELD_2021,April-October 2021,2025,"Gyeonggi/Seoul, Republic of Korea","8 sites: 6 in/near DMZ, Yongsan USAG, Humphreys USAG",122 An. sinensis among 489 Anopheles,multiplex PCR species identification; ITS2 sequencing for selected specimens,published_site_period_counts_included,https://journals.plos.org/plosntds/article?id=10.1371/journal.pntd.0012748,Table 1 counts are site-period aggregates; exact trap-hours and non-detection denominators are not reported there.
HONG_2023_GIMPO_GANGHWA,July-October 2022; July-October 2023,2023,"Gimpo/Ganghwa, Republic of Korea",Wolgot-myeon and Naega-myeon,individual supplementary records; source aggregate includes 118 An. sinensis among 267 Anopheles,"multiplex PCR, ITS2, and COI sequencing as printed per specimen",individual_supplementary_records_included,https://doi.org/10.1186/s12936-023-04821-x,"Individual rows are detection-positive; protocol denominators remain site/event metadata, not per-row negatives."
JEON_2025_GANGHWA_2024,July-mid September 2024,2025,"Ganghwa-gun, Incheon, Republic of Korea","Naega-myeon, Kukhwa-ri, Seonhaeng-ri",146 An. sinensis rows in Supplementary Table S1; main text reports a 124-mosquito kdr-analysis subset,multiplex PCR and ITS2 sequencing as printed per specimen,individual_supplementary_records_included,https://doi.org/10.1038/s41598-025-29307-5,The individual table preserves all 146 target rows. Do not use the 124 kdr subset as the denominator for the full supplementary table. 2024 source is CC BY-NC-ND; derivative-data reuse should be reviewed before public redistribution.
