record_id,source_id,year,site_id,longitude,latitude,cell_id,grid_join_status,grid_linked_analysis_decision
MMap:KS1:MMap8210,RUEDA_2006_ROK_1998_2004,1998,MMAP_37.98722_126.85611,126.85611111,37.98722222,r183c1227,exact_polygon_join,include
MMap:KS2-4:MMap8221,RUEDA_2006_ROK_1998_2004,1998,MMAP_37.98722_126.85611,126.85611111,37.98722222,r183c1227,exact_polygon_join,include
MMap:KS015:MMap8187,RUEDA_2006_ROK_1998_2004,1999,MMAP_36.96861_127.10611,127.10611111,36.96861111,r187c1228,exact_polygon_join,include
"MMap:KS005,006:MMap8173",RUEDA_2006_ROK_1998_2004,1999,MMAP_37.54972_126.93000,126.93,37.54972222,r184c1227,exact_polygon_join,include
MMap:KS012:MMap8179,RUEDA_2006_ROK_1998_2004,1999,MMAP_37.90417_127.08917,127.08916667,37.90416667,r183c1228,exact_polygon_join,include
"MMap:KS014(1,3):MMap8184",RUEDA_2006_ROK_1998_2004,1999,MMAP_37.90417_127.08917,127.08916667,37.90416667,r183c1228,exact_polygon_join,include
"MMap:KS008,010:MMap8177",RUEDA_2006_ROK_1998_2004,1999,MMAP_37.90417_127.08972,127.08972222,37.90416667,r183c1228,exact_polygon_join,include
MMap:KS013:MMap8182,RUEDA_2006_ROK_1998_2004,1999,MMAP_37.90417_127.08972,127.08972222,37.90416667,r183c1228,exact_polygon_join,include
MMap:KS007:MMap8175,RUEDA_2006_ROK_1998_2004,1999,MMAP_37.92639_127.07028,127.07027778,37.92638889,r183c1228,exact_polygon_join,include
MMap:KS002-004:MMap8170,RUEDA_2006_ROK_1998_2004,1999,MMAP_37.98722_126.85611,126.85611111,37.98722222,r183c1227,exact_polygon_join,include
MMap:KS10(1-6):MMap8211,RUEDA_2006_ROK_1998_2004,2001,MMAP_37.45361_126.73167,126.73166667,37.45361111,r185c1226,exact_polygon_join,include
"MMap:KS9(1-7,9-12):MMap8236",RUEDA_2006_ROK_1998_2004,2001,MMAP_37.75000_126.48333,126.48333333,37.75,,outside_current_370_cell_grid,exclude_without_imputation
MMap:KS8(1):MMap8230,RUEDA_2006_ROK_1998_2004,2001,MMAP_37.81667_126.71667,126.71666667,37.81666667,r183c1226,exact_polygon_join,include
"MMap:KS8(5,20,27,45,67,77,94,140,143,145):MMap8233",RUEDA_2006_ROK_1998_2004,2001,MMAP_37.81667_126.71667,126.71666667,37.81666667,r183c1226,exact_polygon_join,include
"MMap:KS7(5,7,9-14,16,17,19,22-25,28-30,32-40):MMap8228",RUEDA_2006_ROK_1998_2004,2001,MMAP_37.85000_126.78333,126.78333333,37.85,r183c1227,exact_polygon_join,include
"MMap:KS5-1,7(1):MMap8224",RUEDA_2006_ROK_1998_2004,2001,MMAP_37.97000_126.79972,126.79972222,37.97,r183c1227,exact_polygon_join,include
MMap:KS6:MMap8226,RUEDA_2006_ROK_1998_2004,2001,MMAP_37.97000_126.79972,126.79972222,37.97,r183c1227,exact_polygon_join,include
MMap:KS4(1):MMap8222,RUEDA_2006_ROK_1998_2004,2001,MMAP_38.14167_128.59278,128.59277778,38.14166667,r182c1234,exact_polygon_join,include
MMap:KS02-4(1-5):MMap8194,RUEDA_2006_ROK_1998_2004,2002,MMAP_35.82194_127.14889,127.14888889,35.82194444,r191c1228,exact_polygon_join,include
MMap:KS02-7(1-6):MMap8199,RUEDA_2006_ROK_1998_2004,2002,MMAP_35.97861_126.79472,126.79472222,35.97861111,r191c1227,exact_polygon_join,include
"MMap:KS02-6(1,3,5):MMap8196",RUEDA_2006_ROK_1998_2004,2002,MMAP_37.66639_127.38639,127.38638889,37.66638889,r184c1229,exact_polygon_join,include
"MMap:KS02-1(4,5,7,8),KS02-3(1,5):MMap8190",RUEDA_2006_ROK_1998_2004,2002,MMAP_37.81667_126.71667,126.71666667,37.81666667,r183c1226,exact_polygon_join,include
MMap:KS02-2(2):MMap8192,RUEDA_2006_ROK_1998_2004,2002,MMAP_37.81667_126.71667,126.71666667,37.81666667,r183c1226,exact_polygon_join,include
MMap:KS83:MMap8235,RUEDA_2006_ROK_1998_2004,2003,MMAP_33.24000_126.54556,126.54555556,33.24,,outside_current_370_cell_grid,exclude_without_imputation
MMap:KS102:MMap8212,RUEDA_2006_ROK_1998_2004,2003,MMAP_33.24167_126.42111,126.42111111,33.24166667,,outside_current_370_cell_grid,exclude_without_imputation
"MMap:KS80,81,135:MMap8234",RUEDA_2006_ROK_1998_2004,2003,MMAP_33.24361_126.53778,126.53777778,33.24361111,,outside_current_370_cell_grid,exclude_without_imputation
MMap:KS94:MMap8239,RUEDA_2006_ROK_1998_2004,2003,MMAP_33.24694_126.27639,126.27638889,33.24694444,,outside_current_370_cell_grid,exclude_without_imputation
MMap:KS99:MMap8242,RUEDA_2006_ROK_1998_2004,2003,MMAP_33.25056_126.31667,126.31666667,33.25055556,r201c1225,exact_polygon_join,include
MMap:KS105:MMap8213,RUEDA_2006_ROK_1998_2004,2003,MMAP_33.25111_126.30306,126.30305556,33.25111111,r201c1225,exact_polygon_join,include
MMap:KS93:MMap8238,RUEDA_2006_ROK_1998_2004,2003,MMAP_33.25111_126.30306,126.30305556,33.25111111,r201c1225,exact_polygon_join,include
MMap:KS95:MMap8240,RUEDA_2006_ROK_1998_2004,2003,MMAP_33.25361_126.21389,126.21388889,33.25361111,,outside_current_370_cell_grid,exclude_without_imputation
MMap:KS147:MMap8220,RUEDA_2006_ROK_1998_2004,2003,MMAP_33.26806_126.55806,126.55805556,33.26805556,r201c1226,exact_polygon_join,include
MMap:KS146:MMap8219,RUEDA_2006_ROK_1998_2004,2003,MMAP_33.32917_126.55806,126.55805556,33.32916667,r201c1226,exact_polygon_join,include
MMap:KS140:MMap8218,RUEDA_2006_ROK_1998_2004,2003,MMAP_33.52694_126.63861,126.63861111,33.52694444,,outside_current_370_cell_grid,exclude_without_imputation
MMap:KS03-3(1-6):MMap8206,RUEDA_2006_ROK_1998_2004,2003,MMAP_34.57417_126.59750,126.5975,34.57416667,r196c1226,exact_polygon_join,include
MMap:KS59:MMap8225,RUEDA_2006_ROK_1998_2004,2003,MMAP_35.81667_128.58333,128.58333333,35.81666667,r191c1234,exact_polygon_join,include
MMap:KS51:MMap8223,RUEDA_2006_ROK_1998_2004,2003,MMAP_35.82667_128.09000,128.09,35.82666667,r191c1232,exact_polygon_join,include
MMap:KS03-4(1-8):MMap8207,RUEDA_2006_ROK_1998_2004,2003,MMAP_36.12472_127.10000,127.1,36.12472222,r190c1228,exact_polygon_join,include
MMap:KS03-4(1-8):MMap8208,RUEDA_2006_ROK_1998_2004,2003,MMAP_36.12472_127.10000,127.1,36.12472222,r190c1228,exact_polygon_join,include
"MMap:KS03-2(3-6,8):MMap8204",RUEDA_2006_ROK_1998_2004,2003,MMAP_37.68667_126.76889,126.76888889,37.68666667,r184c1227,exact_polygon_join,include
MMap:KS136:MMap8215,RUEDA_2006_ROK_1998_2004,2004,MMAP_33.28944_126.18611,126.18611111,33.28944444,,outside_current_370_cell_grid,exclude_without_imputation
MMap:KS120:MMap8214,RUEDA_2006_ROK_1998_2004,2004,MMAP_33.31278_126.18056,126.18055556,33.31277778,,outside_current_370_cell_grid,exclude_without_imputation
"MMap:KS96,119:MMap8241",RUEDA_2006_ROK_1998_2004,2004,MMAP_33.31833_126.17778,126.17777778,33.31833333,,outside_current_370_cell_grid,exclude_without_imputation
MMap:KS137:MMap8216,RUEDA_2006_ROK_1998_2004,2004,MMAP_33.32139_126.18389,126.18388889,33.32138889,,outside_current_370_cell_grid,exclude_without_imputation
MMap:KS138:MMap8217,RUEDA_2006_ROK_1998_2004,2004,MMAP_33.32167_126.18389,126.18388889,33.32166667,,outside_current_370_cell_grid,exclude_without_imputation
MMap:KS05-109:MMap7936,KIM_2007_ROK_2005_SURVEY,2005,MMAP_33.31200_126.18583,126.18583056,33.31200278,,outside_current_370_cell_grid,exclude_without_imputation
MMap:KS05-53:MMap8069,KIM_2007_ROK_2005_SURVEY,2005,MMAP_34.76044_127.08333,127.08333333,34.76043611,r195c1228,exact_polygon_join,include
MMap:KS05-112:MMap7947,KIM_2007_ROK_2005_SURVEY,2005,MMAP_34.88511_128.49914,128.49913889,34.88511111,r195c1233,exact_polygon_join,include
MMap:KS05-118:MMap7964,KIM_2007_ROK_2005_SURVEY,2005,MMAP_35.07036_128.07839,128.07838889,35.07036111,r194c1232,exact_polygon_join,include
MMap:KS05-86:MMap8135,KIM_2007_ROK_2005_SURVEY,2005,MMAP_35.21139_126.93028,126.93027778,35.21138889,r194c1227,exact_polygon_join,include
MMap:KS05-55:MMap8073,KIM_2007_ROK_2005_SURVEY,2005,MMAP_35.23981_129.22600,129.226,35.23980556,r194c1236,exact_polygon_join,include
MMap:KS05-87:MMap8137,KIM_2007_ROK_2005_SURVEY,2005,MMAP_35.26850_129.22419,129.22419444,35.2685,r193c1236,exact_polygon_join,include
MMap:KS05-117:MMap7961,KIM_2007_ROK_2005_SURVEY,2005,MMAP_35.88808_127.02803,127.02802778,35.88808333,r191c1228,exact_polygon_join,include
MMap:KS05-99:MMap8167,KIM_2007_ROK_2005_SURVEY,2005,MMAP_36.40253_129.07467,129.07466667,36.40252778,r189c1236,exact_polygon_join,include
MMap:KS05-80:MMap8127,KIM_2007_ROK_2005_SURVEY,2005,MMAP_36.50688_126.33900,126.33899722,36.50688056,r188c1225,exact_polygon_join,include
MMap:KS05-79:MMap8125,KIM_2007_ROK_2005_SURVEY,2005,MMAP_36.51220_126.33073,126.33073056,36.51220278,r188c1225,exact_polygon_join,include
MMap:KS05-81:MMap8128,KIM_2007_ROK_2005_SURVEY,2005,MMAP_36.51729_126.34784,126.34784167,36.51728889,r188c1225,exact_polygon_join,include
MMap:KS05-85:MMap8134,KIM_2007_ROK_2005_SURVEY,2005,MMAP_36.53817_126.35291,126.35291111,36.53816667,r188c1225,exact_polygon_join,include
MMap:KS05-67:MMap8098,KIM_2007_ROK_2005_SURVEY,2005,MMAP_37.14442_128.24349,128.24349444,37.144425,r186c1232,exact_polygon_join,include
MMap:KS05-66:MMap8096,KIM_2007_ROK_2005_SURVEY,2005,MMAP_37.16428_129.03996,129.03996111,37.16428333,r186c1236,exact_polygon_join,include
MMap:KS05-70:MMap8106,KIM_2007_ROK_2005_SURVEY,2005,MMAP_37.61640_126.76425,126.76424722,37.61640278,r184c1227,exact_polygon_join,include
MMap:KS05-104:MMap7934,KIM_2007_ROK_2005_SURVEY,2005,MMAP_37.66653_127.38644,127.38644444,37.66652778,r184c1229,exact_polygon_join,include
MMap:KS05-23:MMap7995,KIM_2007_ROK_2005_SURVEY,2005,MMAP_37.66653_127.38644,127.38644444,37.66652778,r184c1229,exact_polygon_join,include
MMap:KS05-37:MMap8044,KIM_2007_ROK_2005_SURVEY,2005,MMAP_37.66653_127.38644,127.38644444,37.66652778,r184c1229,exact_polygon_join,include
MMap:KS05-54:MMap8071,KIM_2007_ROK_2005_SURVEY,2005,MMAP_37.66653_127.38644,127.38644444,37.66652778,r184c1229,exact_polygon_join,include
MMap:KS05-113:MMap7948,KIM_2007_ROK_2005_SURVEY,2005,MMAP_37.66833_126.69833,126.69833333,37.66833333,r184c1226,exact_polygon_join,include
MMap:KS05-28:MMap8012,KIM_2007_ROK_2005_SURVEY,2005,MMAP_37.66833_126.69833,126.69833333,37.66833333,r184c1226,exact_polygon_join,include
MMap:KS05-114:MMap7951,KIM_2007_ROK_2005_SURVEY,2005,MMAP_37.71319_126.65192,126.65191667,37.71319444,r184c1226,exact_polygon_join,include
MMap:KS05-115:MMap7956,KIM_2007_ROK_2005_SURVEY,2005,MMAP_37.71319_126.65192,126.65191667,37.71319444,r184c1226,exact_polygon_join,include
MMap:KS05-116:MMap7958,KIM_2007_ROK_2005_SURVEY,2005,MMAP_37.71319_126.65192,126.65191667,37.71319444,r184c1226,exact_polygon_join,include
MMap:KS05-38:MMap8047,KIM_2007_ROK_2005_SURVEY,2005,MMAP_37.71319_126.65192,126.65191667,37.71319444,r184c1226,exact_polygon_join,include
MMap:KS05-58:MMap8083,KIM_2007_ROK_2005_SURVEY,2005,MMAP_37.71319_126.65192,126.65191667,37.71319444,r184c1226,exact_polygon_join,include
MMap:KS05-65:MMap8095,KIM_2007_ROK_2005_SURVEY,2005,MMAP_37.74927_126.63427,126.63426944,37.74927222,r184c1226,exact_polygon_join,include
MMap:KS05-73:MMap8110,KIM_2007_ROK_2005_SURVEY,2005,MMAP_37.74927_126.63427,126.63426944,37.74927222,r184c1226,exact_polygon_join,include
MMap:KS05-78:MMap8122,KIM_2007_ROK_2005_SURVEY,2005,MMAP_37.75586_126.80287,126.80286944,37.75586389,r183c1227,exact_polygon_join,include
MMap:KS05-71:MMap8107,KIM_2007_ROK_2005_SURVEY,2005,MMAP_37.76688_126.63758,126.63757778,37.76688333,r183c1226,exact_polygon_join,include
MMap:KS05-74:MMap8111,KIM_2007_ROK_2005_SURVEY,2005,MMAP_37.76688_126.63758,126.63757778,37.76688333,r183c1226,exact_polygon_join,include
MMap:KS05-100:MMap7923,KIM_2007_ROK_2005_SURVEY,2005,MMAP_37.87861_126.75911,126.75911111,37.87861111,r183c1227,exact_polygon_join,include
MMap:KS05-102:MMap7928,KIM_2007_ROK_2005_SURVEY,2005,MMAP_37.87861_126.75911,126.75911111,37.87861111,r183c1227,exact_polygon_join,include
MMap:KS05-110:MMap7942,KIM_2007_ROK_2005_SURVEY,2005,MMAP_37.87861_126.75911,126.75911111,37.87861111,r183c1227,exact_polygon_join,include
MMap:KS05-12:MMap7966,KIM_2007_ROK_2005_SURVEY,2005,MMAP_37.87861_126.75911,126.75911111,37.87861111,r183c1227,exact_polygon_join,include
MMap:KS05-17:MMap7977,KIM_2007_ROK_2005_SURVEY,2005,MMAP_37.87861_126.75911,126.75911111,37.87861111,r183c1227,exact_polygon_join,include
MMap:KS05-21:MMap7990,KIM_2007_ROK_2005_SURVEY,2005,MMAP_37.87861_126.75911,126.75911111,37.87861111,r183c1227,exact_polygon_join,include
MMap:KS05-24:MMap7998,KIM_2007_ROK_2005_SURVEY,2005,MMAP_37.87861_126.75911,126.75911111,37.87861111,r183c1227,exact_polygon_join,include
MMap:KS05-26:MMap8005,KIM_2007_ROK_2005_SURVEY,2005,MMAP_37.87861_126.75911,126.75911111,37.87861111,r183c1227,exact_polygon_join,include
MMap:KS05-29:MMap8017,KIM_2007_ROK_2005_SURVEY,2005,MMAP_37.87861_126.75911,126.75911111,37.87861111,r183c1227,exact_polygon_join,include
MMap:KS05-31:MMap8030,KIM_2007_ROK_2005_SURVEY,2005,MMAP_37.87861_126.75911,126.75911111,37.87861111,r183c1227,exact_polygon_join,include
MMap:KS05-35:MMap8036,KIM_2007_ROK_2005_SURVEY,2005,MMAP_37.87861_126.75911,126.75911111,37.87861111,r183c1227,exact_polygon_join,include
MMap:KS05-39:MMap8050,KIM_2007_ROK_2005_SURVEY,2005,MMAP_37.87861_126.75911,126.75911111,37.87861111,r183c1227,exact_polygon_join,include
MMap:KS05-51:MMap8063,KIM_2007_ROK_2005_SURVEY,2005,MMAP_37.87861_126.75911,126.75911111,37.87861111,r183c1227,exact_polygon_join,include
MMap:KS05-56:MMap8076,KIM_2007_ROK_2005_SURVEY,2005,MMAP_37.87861_126.75911,126.75911111,37.87861111,r183c1227,exact_polygon_join,include
MMap:KS05-68:MMap8101,KIM_2007_ROK_2005_SURVEY,2005,MMAP_37.87861_126.75911,126.75911111,37.87861111,r183c1227,exact_polygon_join,include
MMap:KS05-83:MMap8130,KIM_2007_ROK_2005_SURVEY,2005,MMAP_37.87861_126.75911,126.75911111,37.87861111,r183c1227,exact_polygon_join,include
MMap:KS05-9:MMap8145,KIM_2007_ROK_2005_SURVEY,2005,MMAP_37.87861_126.75911,126.75911111,37.87861111,r183c1227,exact_polygon_join,include
MMap:KS05-59:MMap8085,KIM_2007_ROK_2005_SURVEY,2005,MMAP_37.89003_126.81603,126.81603333,37.89002778,r183c1227,exact_polygon_join,include
MMap:KS05-76:MMap8116,KIM_2007_ROK_2005_SURVEY,2005,MMAP_37.89038_126.82971,126.82971389,37.89038056,r183c1227,exact_polygon_join,include
MMap:KS05-77:MMap8119,KIM_2007_ROK_2005_SURVEY,2005,MMAP_37.89038_126.82971,126.82971389,37.89038056,r183c1227,exact_polygon_join,include
MMap:KS05-14:MMap7970,KIM_2007_ROK_2005_SURVEY,2005,MMAP_37.89359_126.83240,126.83239722,37.89358889,r183c1227,exact_polygon_join,include
MMap:KS05-72:MMap8109,KIM_2007_ROK_2005_SURVEY,2005,MMAP_37.89404_126.82563,126.82563333,37.89404444,r183c1227,exact_polygon_join,include
MMap:KS05-60:MMap8090,KIM_2007_ROK_2005_SURVEY,2005,MMAP_37.89404_126.82566,126.82566111,37.89404444,r183c1227,exact_polygon_join,include
MMap:KS05-75:MMap8114,KIM_2007_ROK_2005_SURVEY,2005,MMAP_37.89404_126.82566,126.82566111,37.89404444,r183c1227,exact_polygon_join,include
MMap:KS05-96:MMap8159,KIM_2007_ROK_2005_SURVEY,2005,MMAP_37.89508_126.80189,126.80188611,37.89508056,r183c1227,exact_polygon_join,include
MMap:KS05-61:MMap8091,KIM_2007_ROK_2005_SURVEY,2005,MMAP_37.89816_126.82127,126.821275,37.89815556,r183c1227,exact_polygon_join,include
MMap:KS05-62:MMap8094,KIM_2007_ROK_2005_SURVEY,2005,MMAP_37.89816_126.82138,126.82138333,37.89815556,r183c1227,exact_polygon_join,include
MMap:KS05-97:MMap8163,KIM_2007_ROK_2005_SURVEY,2005,MMAP_37.90391_126.79646,126.79645833,37.90391111,r183c1227,exact_polygon_join,include
MMap:KS05-101:MMap7925,KIM_2007_ROK_2005_SURVEY,2005,MMAP_37.90517_126.73367,126.73366667,37.90516667,r183c1226,exact_polygon_join,include
MMap:KS05-103:MMap7931,KIM_2007_ROK_2005_SURVEY,2005,MMAP_37.90517_126.73367,126.73366667,37.90516667,r183c1226,exact_polygon_join,include
MMap:KS05-111:MMap7945,KIM_2007_ROK_2005_SURVEY,2005,MMAP_37.90517_126.73367,126.73366667,37.90516667,r183c1226,exact_polygon_join,include
MMap:KS05-11:MMap7938,KIM_2007_ROK_2005_SURVEY,2005,MMAP_37.90517_126.73367,126.73366667,37.90516667,r183c1226,exact_polygon_join,include
MMap:KS05-22:MMap7993,KIM_2007_ROK_2005_SURVEY,2005,MMAP_37.90517_126.73367,126.73366667,37.90516667,r183c1226,exact_polygon_join,include
MMap:KS05-25:MMap8001,KIM_2007_ROK_2005_SURVEY,2005,MMAP_37.90517_126.73367,126.73366667,37.90516667,r183c1226,exact_polygon_join,include
MMap:KS05-27:MMap8008,KIM_2007_ROK_2005_SURVEY,2005,MMAP_37.90517_126.73367,126.73366667,37.90516667,r183c1226,exact_polygon_join,include
MMap:KS05-30:MMap8026,KIM_2007_ROK_2005_SURVEY,2005,MMAP_37.90517_126.73367,126.73366667,37.90516667,r183c1226,exact_polygon_join,include
MMap:KS05-32:MMap8033,KIM_2007_ROK_2005_SURVEY,2005,MMAP_37.90517_126.73367,126.73366667,37.90516667,r183c1226,exact_polygon_join,include
MMap:KS05-36:MMap8040,KIM_2007_ROK_2005_SURVEY,2005,MMAP_37.90517_126.73367,126.73366667,37.90516667,r183c1226,exact_polygon_join,include
MMap:KS05-40:MMap8055,KIM_2007_ROK_2005_SURVEY,2005,MMAP_37.90517_126.73367,126.73366667,37.90516667,r183c1226,exact_polygon_join,include
MMap:KS05-52:MMap8066,KIM_2007_ROK_2005_SURVEY,2005,MMAP_37.90517_126.73367,126.73366667,37.90516667,r183c1226,exact_polygon_join,include
MMap:KS05-57:MMap8081,KIM_2007_ROK_2005_SURVEY,2005,MMAP_37.90517_126.73367,126.73366667,37.90516667,r183c1226,exact_polygon_join,include
MMap:KS05-69:MMap8104,KIM_2007_ROK_2005_SURVEY,2005,MMAP_37.90517_126.73367,126.73366667,37.90516667,r183c1226,exact_polygon_join,include
MMap:KS05-84:MMap8132,KIM_2007_ROK_2005_SURVEY,2005,MMAP_37.90517_126.73367,126.73366667,37.90516667,r183c1226,exact_polygon_join,include
MMap:KS05-6:MMap8086,KIM_2007_ROK_2005_SURVEY,2005,MMAP_37.90802_126.73730,126.73729722,37.90801944,r183c1226,exact_polygon_join,include
MMap:KS05-3:MMap8022,KIM_2007_ROK_2005_SURVEY,2005,MMAP_37.92204_126.74172,126.74172222,37.92204167,r183c1226,exact_polygon_join,include
MMap:KS05-42:MMap8059,KIM_2007_ROK_2005_SURVEY,2005,MMAP_37.92309_127.08970,127.0897,37.92309167,r183c1228,exact_polygon_join,include
MMap:KS05-43:MMap8061,KIM_2007_ROK_2005_SURVEY,2005,MMAP_37.93312_126.79560,126.7956,37.93311944,r183c1227,exact_polygon_join,include
MMap:KS05-18:MMap7983,KIM_2007_ROK_2005_SURVEY,2005,MMAP_37.97792_126.94910,126.9491,37.977925,r183c1227,exact_polygon_join,include
MMap:KS05-19:MMap7987,KIM_2007_ROK_2005_SURVEY,2005,MMAP_37.99222_126.98611,126.98610833,37.992225,r183c1227,exact_polygon_join,include
MMap:KS05-88:MMap8140,KIM_2007_ROK_2005_SURVEY,2005,MMAP_38.01699_126.99102,126.99101944,38.01699167,r182c1227,exact_polygon_join,include
MMap:KS05-89:MMap8142,KIM_2007_ROK_2005_SURVEY,2005,MMAP_38.01699_126.99102,126.99101944,38.01699167,r182c1227,exact_polygon_join,include
MMap:KS05-95:MMap8156,KIM_2007_ROK_2005_SURVEY,2005,MMAP_38.04430_126.99399,126.99399167,38.04430278,r182c1227,exact_polygon_join,include
MMap:KS05-98:MMap8165,KIM_2007_ROK_2005_SURVEY,2005,MMAP_38.04430_126.99399,126.99399167,38.04430278,r182c1227,exact_polygon_join,include
MMap:KS05-90:MMap8150,KIM_2007_ROK_2005_SURVEY,2005,MMAP_38.04484_127.01256,127.01256111,38.04483611,r182c1228,exact_polygon_join,include
MMap:KS05-92:MMap8153,KIM_2007_ROK_2005_SURVEY,2005,MMAP_38.04663_127.10816,127.10815556,38.04662778,r182c1228,exact_polygon_join,include
MMap:KS05-16:MMap7974,KIM_2007_ROK_2005_SURVEY,2005,MMAP_38.06074_127.31845,127.31845,38.06073889,r182c1229,exact_polygon_join,include
MMap:MMap:MMap7889,USFK_2005_INSTALLATION_SURVEY,2005,MMAP_35.12422_126.80320,126.8032,35.12422222,r194c1227,exact_polygon_join,include
MMap:MMap:MMap7891,USFK_2005_INSTALLATION_SURVEY,2005,MMAP_35.90998_126.62283,126.622825,35.90998333,,outside_current_370_cell_grid,exclude_without_imputation
MMap:MMap:MMap7892,USFK_2005_INSTALLATION_SURVEY,2005,MMAP_35.99608_128.41408,128.41408056,35.99608056,r191c1233,exact_polygon_join,include
MMap:MMap:MMap7896,USFK_2005_INSTALLATION_SURVEY,2005,MMAP_36.95795_127.03031,127.03030556,36.95795278,r187c1228,exact_polygon_join,include
MMap:MMap:MMap7900,USFK_2005_INSTALLATION_SURVEY,2005,MMAP_37.39079_127.95293,127.95293056,37.39078611,r185c1231,exact_polygon_join,include
MMap:MMap:MMap7904,USFK_2005_INSTALLATION_SURVEY,2005,MMAP_37.45056_127.97342,127.97341667,37.45055833,r185c1231,exact_polygon_join,include
MMap:MMap:MMap7908,USFK_2005_INSTALLATION_SURVEY,2005,MMAP_37.91911_126.74159,126.74159444,37.91911111,r183c1226,exact_polygon_join,include
MMap:MMap:MMap7913,USFK_2005_INSTALLATION_SURVEY,2005,MMAP_37.93156_126.72362,126.72361667,37.93155556,r183c1226,exact_polygon_join,include
MMap:MMap:MMap7918,USFK_2005_INSTALLATION_SURVEY,2005,MMAP_38.03663_127.23071,127.23070833,38.036625,r182c1228,exact_polygon_join,include
MMap:KSK-4:MMap8365,KLEIN_2006_FIELD_COLLECTION,2006,MMAP_34.77311_126.64078,126.64077778,34.77311111,r195c1226,exact_polygon_join,include
MMap:KSK-7:MMap8436,KLEIN_2006_FIELD_COLLECTION,2006,MMAP_34.89625_126.98844,126.98844444,34.89625,r195c1227,exact_polygon_join,include
MMap:KSK-6:MMap8420,KLEIN_2006_FIELD_COLLECTION,2006,MMAP_34.96697_126.96183,126.96183333,34.96697222,r195c1227,exact_polygon_join,include
MMap:KSK-5:MMap8389,KLEIN_2006_FIELD_COLLECTION,2006,MMAP_35.01586_126.95300,126.953,35.01586111,r194c1227,exact_polygon_join,include
MMap:KSK-19:MMap8293,KLEIN_2006_FIELD_COLLECTION,2006,MMAP_35.80222_129.24178,129.24177778,35.80222222,r191c1236,exact_polygon_join,include
MMap:KSK-20:MMap8299,KLEIN_2006_FIELD_COLLECTION,2006,MMAP_35.81914_129.24128,129.24127778,35.81913889,r191c1236,exact_polygon_join,include
MMap:KSK-21:MMap8300,KLEIN_2006_FIELD_COLLECTION,2006,MMAP_35.93178_128.85197,128.85197222,35.93177778,r191c1235,exact_polygon_join,include
MMap:KSK-9:MMap8446,KLEIN_2006_FIELD_COLLECTION,2006,MMAP_35.99931_127.09922,127.09922222,35.99930556,r191c1228,exact_polygon_join,include
MMap:KSK-22:MMap8301,KLEIN_2006_FIELD_COLLECTION,2006,MMAP_36.16200_128.17736,128.17736111,36.162,r190c1232,exact_polygon_join,include
MMap:KSK-65:MMap8428,KLEIN_2006_FIELD_COLLECTION,2006,MMAP_36.43581_128.12931,128.12930556,36.43580556,r189c1232,exact_polygon_join,include
MMap:KSK-66:MMap8429,KLEIN_2006_FIELD_COLLECTION,2006,MMAP_36.43581_128.12931,128.12930556,36.43580556,r189c1232,exact_polygon_join,include
MMap:KSK-67:MMap8432,KLEIN_2006_FIELD_COLLECTION,2006,MMAP_36.43581_128.12931,128.12930556,36.43580556,r189c1232,exact_polygon_join,include
MMap:KSK-70:MMap8438,KLEIN_2006_FIELD_COLLECTION,2006,MMAP_36.44167_127.88678,127.88677778,36.44166667,r189c1231,exact_polygon_join,include
MMap:KSK-57:MMap8414,KLEIN_2006_FIELD_COLLECTION,2006,MMAP_36.46786_128.21264,128.21263889,36.46786111,r189c1232,exact_polygon_join,include
MMap:KSK-62:MMap8425,KLEIN_2006_FIELD_COLLECTION,2006,MMAP_36.46786_128.21264,128.21263889,36.46786111,r189c1232,exact_polygon_join,include
MMap:KSK-68:MMap8434,KLEIN_2006_FIELD_COLLECTION,2006,MMAP_36.47881_128.00450,128.0045,36.47880556,r189c1232,exact_polygon_join,include
MMap:KSK-60:MMap8422,KLEIN_2006_FIELD_COLLECTION,2006,MMAP_36.53678_128.31144,128.31144444,36.53677778,r188c1233,exact_polygon_join,include
MMap:KSK-61:MMap8424,KLEIN_2006_FIELD_COLLECTION,2006,MMAP_36.53678_128.31144,128.31144444,36.53677778,r188c1233,exact_polygon_join,include
MMap:KSK-71:MMap8439,KLEIN_2006_FIELD_COLLECTION,2006,MMAP_36.53906_127.67419,127.67419444,36.53905556,r188c1230,exact_polygon_join,include
MMap:KSK-18:MMap8288,KLEIN_2006_FIELD_COLLECTION,2006,MMAP_36.54125_129.37517,129.37516667,36.54125,r188c1237,exact_polygon_join,include
MMap:KSK-59:MMap8419,KLEIN_2006_FIELD_COLLECTION,2006,MMAP_36.55658_128.19664,128.19663889,36.55658333,r188c1232,exact_polygon_join,include
MMap:KSK-73:MMap8441,KLEIN_2006_FIELD_COLLECTION,2006,MMAP_36.55976_127.65125,127.65125,36.55976111,r188c1230,exact_polygon_join,include
MMap:KSK-72:MMap8440,KLEIN_2006_FIELD_COLLECTION,2006,MMAP_36.56111_127.65186,127.65186111,36.56111111,r188c1230,exact_polygon_join,include
MMap:KSK-17:MMap8284,KLEIN_2006_FIELD_COLLECTION,2006,MMAP_36.76947_129.46200,129.462,36.76947222,r187c1237,exact_polygon_join,include
MMap:KSK-75:MMap8444,KLEIN_2006_FIELD_COLLECTION,2006,MMAP_36.77192_127.62317,127.62316667,36.77191944,r187c1230,exact_polygon_join,include
MMap:KSK-74:MMap8442,KLEIN_2006_FIELD_COLLECTION,2006,MMAP_36.77409_127.63681,127.63680556,36.77409444,r187c1230,exact_polygon_join,include
MMap:KSK-16:MMap8281,KLEIN_2006_FIELD_COLLECTION,2006,MMAP_36.82447_129.43772,129.43772222,36.82447222,r187c1237,exact_polygon_join,include
MMap:KSK-56:MMap8412,KLEIN_2006_FIELD_COLLECTION,2006,MMAP_36.89892_128.00219,128.00219444,36.89891667,r187c1232,exact_polygon_join,include
MMap:KSK-15:MMap8278,KLEIN_2006_FIELD_COLLECTION,2006,MMAP_36.90150_129.39436,129.39436111,36.9015,r187c1237,exact_polygon_join,include
MMap:KSK-55A:MMap8409,KLEIN_2006_FIELD_COLLECTION,2006,MMAP_36.91592_128.94711,128.94711111,36.91591667,r187c1235,exact_polygon_join,include
MMap:KSK-55B:MMap8411,KLEIN_2006_FIELD_COLLECTION,2006,MMAP_36.91592_128.94711,128.94711111,36.91591667,r187c1235,exact_polygon_join,include
MMap:KSK-58:MMap8416,KLEIN_2006_FIELD_COLLECTION,2006,MMAP_36.92800_128.13942,128.13941667,36.928,r187c1232,exact_polygon_join,include
MMap:KSH-482:MMap8263,KLEIN_2006_FIELD_COLLECTION,2006,MMAP_36.94711_127.00291,127.00291389,36.94711111,r187c1228,exact_polygon_join,include
MMap:KSH-111:MMap8243,KLEIN_2006_FIELD_COLLECTION,2006,MMAP_36.94845_127.02628,127.02628056,36.94845,r187c1228,exact_polygon_join,include
MMap:KSH-364:MMap8262,KLEIN_2006_FIELD_COLLECTION,2006,MMAP_36.94865_127.02383,127.02383056,36.94865,r187c1228,exact_polygon_join,include
MMap:KSH-256:MMap8260,KLEIN_2006_FIELD_COLLECTION,2006,MMAP_36.94921_127.02928,127.02928056,36.94921111,r187c1228,exact_polygon_join,include
MMap:KSH-258:MMap8261,KLEIN_2006_FIELD_COLLECTION,2006,MMAP_36.94921_127.02928,127.02928056,36.94921111,r187c1228,exact_polygon_join,include
MMap:KSH-200:MMap8253,KLEIN_2006_FIELD_COLLECTION,2006,MMAP_36.95366_127.04126,127.04126111,36.95366111,r187c1228,exact_polygon_join,include
MMap:KSH-209:MMap8258,KLEIN_2006_FIELD_COLLECTION,2006,MMAP_36.95462_127.02159,127.02158889,36.95461944,r187c1228,exact_polygon_join,include
MMap:KSH-206:MMap8256,KLEIN_2006_FIELD_COLLECTION,2006,MMAP_36.95558_127.02346,127.02346111,36.95558056,r187c1228,exact_polygon_join,include
MMap:KSH-2060:MMap8257,KLEIN_2006_FIELD_COLLECTION,2006,MMAP_36.95957_127.02112,127.02111944,36.95956944,r187c1228,exact_polygon_join,include
MMap:KSH-1243:MMap8249,KLEIN_2006_FIELD_COLLECTION,2006,MMAP_36.96014_127.03726,127.03726111,36.96013889,r187c1228,exact_polygon_join,include
MMap:KSH-204:MMap8254,KLEIN_2006_FIELD_COLLECTION,2006,MMAP_36.96025_127.02721,127.02721111,36.96025,r187c1228,exact_polygon_join,include
MMap:KSH-195:MMap8250,KLEIN_2006_FIELD_COLLECTION,2006,MMAP_36.96064_127.04024,127.04023889,36.96063889,r187c1228,exact_polygon_join,include
MMap:KSH-2107:MMap8259,KLEIN_2006_FIELD_COLLECTION,2006,MMAP_36.96097_127.02187,127.02186944,36.96096944,r187c1228,exact_polygon_join,include
MMap:KSH-1226:MMap8248,KLEIN_2006_FIELD_COLLECTION,2006,MMAP_36.96114_127.03830,127.0383,36.96113889,r187c1228,exact_polygon_join,include
MMap:KSH-1225:MMap8246,KLEIN_2006_FIELD_COLLECTION,2006,MMAP_36.96140_127.03860,127.0386,36.9614,r187c1228,exact_polygon_join,include
MMap:KSH-196:MMap8252,KLEIN_2006_FIELD_COLLECTION,2006,MMAP_36.96179_127.03947,127.03946944,36.96178889,r187c1228,exact_polygon_join,include
MMap:KSH-1224:MMap8245,KLEIN_2006_FIELD_COLLECTION,2006,MMAP_36.96189_127.03828,127.03828056,36.96188889,r187c1228,exact_polygon_join,include
MMap:KSH-205:MMap8255,KLEIN_2006_FIELD_COLLECTION,2006,MMAP_36.97154_127.01940,127.0194,36.97153889,r187c1228,exact_polygon_join,include
MMap:KSK-52A:MMap8396,KLEIN_2006_FIELD_COLLECTION,2006,MMAP_37.12158_127.96047,127.96047222,37.12158333,r186c1231,exact_polygon_join,include
MMap:KSK-52B:MMap8399,KLEIN_2006_FIELD_COLLECTION,2006,MMAP_37.12158_127.96047,127.96047222,37.12158333,r186c1231,exact_polygon_join,include
MMap:KSK-52C:MMap8402,KLEIN_2006_FIELD_COLLECTION,2006,MMAP_37.12158_127.96047,127.96047222,37.12158333,r186c1231,exact_polygon_join,include
MMap:KSK-12:MMap8271,KLEIN_2006_FIELD_COLLECTION,2006,MMAP_37.13942_129.19161,129.19161111,37.13941667,r186c1236,exact_polygon_join,include
MMap:KSK-13:MMap8273,KLEIN_2006_FIELD_COLLECTION,2006,MMAP_37.15372_129.31133,129.31133333,37.15372222,r186c1237,exact_polygon_join,include
MMap:KSK-54:MMap8408,KLEIN_2006_FIELD_COLLECTION,2006,MMAP_37.31828_127.82461,127.82461111,37.31827778,r185c1231,exact_polygon_join,include
MMap:KSK-43:MMap8369,KLEIN_2006_FIELD_COLLECTION,2006,MMAP_37.37981_127.15597,127.15597222,37.37980556,r185c1228,exact_polygon_join,include
MMap:KSK-53:MMap8406,KLEIN_2006_FIELD_COLLECTION,2006,MMAP_37.40658_127.95644,127.95644444,37.40658333,r185c1231,exact_polygon_join,include
MMap:KSK-36A:MMap8360,KLEIN_2006_FIELD_COLLECTION,2006,MMAP_37.47650_127.19567,127.19566667,37.4765,r185c1228,exact_polygon_join,include
MMap:KSK-36B:MMap8363,KLEIN_2006_FIELD_COLLECTION,2006,MMAP_37.47650_127.19567,127.19566667,37.4765,r185c1228,exact_polygon_join,include
MMap:KSK-51A:MMap8390,KLEIN_2006_FIELD_COLLECTION,2006,MMAP_37.72811_128.84192,128.84191667,37.72811111,r184c1235,exact_polygon_join,include
MMap:KSK-51B:MMap8393,KLEIN_2006_FIELD_COLLECTION,2006,MMAP_37.72811_128.84192,128.84191667,37.72811111,r184c1235,exact_polygon_join,include
MMap:KSK-11:MMap8266,KLEIN_2006_FIELD_COLLECTION,2006,MMAP_37.78878_128.80458,128.80458333,37.78877778,,outside_current_370_cell_grid,exclude_without_imputation
MMap:KSK-32:MMap8337,KLEIN_2006_FIELD_COLLECTION,2006,MMAP_37.86369_127.70719,127.70719444,37.86369444,r183c1230,exact_polygon_join,include
MMap:KSK-34A:MMap8351,KLEIN_2006_FIELD_COLLECTION,2006,MMAP_37.87008_127.78336,127.78336111,37.87008333,r183c1231,exact_polygon_join,include
MMap:KSK-34B:MMap8353,KLEIN_2006_FIELD_COLLECTION,2006,MMAP_37.87008_127.78336,127.78336111,37.87008333,r183c1231,exact_polygon_join,include
MMap:KSK-34C:MMap8356,KLEIN_2006_FIELD_COLLECTION,2006,MMAP_37.87008_127.78336,127.78336111,37.87008333,r183c1231,exact_polygon_join,include
MMap:KSK-33B:MMap8343,KLEIN_2006_FIELD_COLLECTION,2006,MMAP_37.87364_127.78053,127.78052778,37.87363889,r183c1231,exact_polygon_join,include
MMap:KSK-33C:MMap8346,KLEIN_2006_FIELD_COLLECTION,2006,MMAP_37.87364_127.78053,127.78052778,37.87363889,r183c1231,exact_polygon_join,include
MMap:KSK-33D:MMap8349,KLEIN_2006_FIELD_COLLECTION,2006,MMAP_37.87364_127.78053,127.78052778,37.87363889,r183c1231,exact_polygon_join,include
MMap:KSK-44:MMap8371,KLEIN_2006_FIELD_COLLECTION,2006,MMAP_37.90156_127.08394,127.08394444,37.90155556,r183c1228,exact_polygon_join,include
MMap:KSK-23:MMap8302,KLEIN_2006_FIELD_COLLECTION,2006,MMAP_37.90681_127.08683,127.08683333,37.90680556,r183c1228,exact_polygon_join,include
MMap:KSK-25A:MMap8307,KLEIN_2006_FIELD_COLLECTION,2006,MMAP_37.92381_127.07506,127.07505556,37.92380556,r183c1228,exact_polygon_join,include
MMap:KSK-25B:MMap8311,KLEIN_2006_FIELD_COLLECTION,2006,MMAP_37.92381_127.07506,127.07505556,37.92380556,r183c1228,exact_polygon_join,include
MMap:KSK-26A:MMap8316,KLEIN_2006_FIELD_COLLECTION,2006,MMAP_37.96286_127.26153,127.26152778,37.96286111,r183c1229,exact_polygon_join,include
MMap:KSK-26C:MMap8323,KLEIN_2006_FIELD_COLLECTION,2006,MMAP_37.96286_127.26153,127.26152778,37.96286111,r183c1229,exact_polygon_join,include
MMap:KSK-46:MMap8373,KLEIN_2006_FIELD_COLLECTION,2006,MMAP_38.02564_127.25975,127.25975,38.02563889,r182c1229,exact_polygon_join,include
MMap:KSK-49A:MMap8384,KLEIN_2006_FIELD_COLLECTION,2006,MMAP_38.04956_127.52522,127.52522222,38.04955556,r182c1230,exact_polygon_join,include
MMap:KSK-49B:MMap8388,KLEIN_2006_FIELD_COLLECTION,2006,MMAP_38.04956_127.52522,127.52522222,38.04955556,r182c1230,exact_polygon_join,include
MMap:KSK-30:MMap8330,KLEIN_2006_FIELD_COLLECTION,2006,MMAP_38.06811_127.52564,127.52563889,38.06811111,r182c1230,exact_polygon_join,include
MMap:KSK-48A:MMap8376,KLEIN_2006_FIELD_COLLECTION,2006,MMAP_38.08531_127.52703,127.52702778,38.08530556,r182c1230,exact_polygon_join,include
MMap:KSK-48B:MMap8380,KLEIN_2006_FIELD_COLLECTION,2006,MMAP_38.08531_127.52703,127.52702778,38.08530556,r182c1230,exact_polygon_join,include
WG_AA_22_1,HONG_2023_GIMPO_GANGHWA,2022,HONG_2023_GIMPO_GANGHWA_WG,126.534444,37.745,r184c1226,exact_polygon_join,include
WG_AA_22_10,HONG_2023_GIMPO_GANGHWA,2022,HONG_2023_GIMPO_GANGHWA_WG,126.534444,37.745,r184c1226,exact_polygon_join,include
WG_AA_22_11,HONG_2023_GIMPO_GANGHWA,2022,HONG_2023_GIMPO_GANGHWA_WG,126.534444,37.745,r184c1226,exact_polygon_join,include
WG_AA_22_12,HONG_2023_GIMPO_GANGHWA,2022,HONG_2023_GIMPO_GANGHWA_WG,126.534444,37.745,r184c1226,exact_polygon_join,include
WG_AA_22_13,HONG_2023_GIMPO_GANGHWA,2022,HONG_2023_GIMPO_GANGHWA_WG,126.534444,37.745,r184c1226,exact_polygon_join,include
WG_AA_22_14,HONG_2023_GIMPO_GANGHWA,2022,HONG_2023_GIMPO_GANGHWA_WG,126.534444,37.745,r184c1226,exact_polygon_join,include
WG_AA_22_15,HONG_2023_GIMPO_GANGHWA,2022,HONG_2023_GIMPO_GANGHWA_WG,126.534444,37.745,r184c1226,exact_polygon_join,include
WG_AA_22_16,HONG_2023_GIMPO_GANGHWA,2022,HONG_2023_GIMPO_GANGHWA_WG,126.534444,37.745,r184c1226,exact_polygon_join,include
WG_AA_22_17,HONG_2023_GIMPO_GANGHWA,2022,HONG_2023_GIMPO_GANGHWA_WG,126.534444,37.745,r184c1226,exact_polygon_join,include
WG_AA_22_2,HONG_2023_GIMPO_GANGHWA,2022,HONG_2023_GIMPO_GANGHWA_WG,126.534444,37.745,r184c1226,exact_polygon_join,include
WG_AA_22_20,HONG_2023_GIMPO_GANGHWA,2022,HONG_2023_GIMPO_GANGHWA_WG,126.534444,37.745,r184c1226,exact_polygon_join,include
WG_AA_22_21,HONG_2023_GIMPO_GANGHWA,2022,HONG_2023_GIMPO_GANGHWA_WG,126.534444,37.745,r184c1226,exact_polygon_join,include
WG_AA_22_23,HONG_2023_GIMPO_GANGHWA,2022,HONG_2023_GIMPO_GANGHWA_WG,126.534444,37.745,r184c1226,exact_polygon_join,include
WG_AA_22_24,HONG_2023_GIMPO_GANGHWA,2022,HONG_2023_GIMPO_GANGHWA_WG,126.534444,37.745,r184c1226,exact_polygon_join,include
WG_AA_22_25,HONG_2023_GIMPO_GANGHWA,2022,HONG_2023_GIMPO_GANGHWA_WG,126.534444,37.745,r184c1226,exact_polygon_join,include
WG_AA_22_26,HONG_2023_GIMPO_GANGHWA,2022,HONG_2023_GIMPO_GANGHWA_WG,126.534444,37.745,r184c1226,exact_polygon_join,include
WG_AA_22_3,HONG_2023_GIMPO_GANGHWA,2022,HONG_2023_GIMPO_GANGHWA_WG,126.534444,37.745,r184c1226,exact_polygon_join,include
WG_AA_22_36,HONG_2023_GIMPO_GANGHWA,2022,HONG_2023_GIMPO_GANGHWA_WG,126.534444,37.745,r184c1226,exact_polygon_join,include
WG_AA_22_37,HONG_2023_GIMPO_GANGHWA,2022,HONG_2023_GIMPO_GANGHWA_WG,126.534444,37.745,r184c1226,exact_polygon_join,include
WG_AA_22_38,HONG_2023_GIMPO_GANGHWA,2022,HONG_2023_GIMPO_GANGHWA_WG,126.534444,37.745,r184c1226,exact_polygon_join,include
WG_AA_22_5,HONG_2023_GIMPO_GANGHWA,2022,HONG_2023_GIMPO_GANGHWA_WG,126.534444,37.745,r184c1226,exact_polygon_join,include
WG_AA_22_6,HONG_2023_GIMPO_GANGHWA,2022,HONG_2023_GIMPO_GANGHWA_WG,126.534444,37.745,r184c1226,exact_polygon_join,include
WG_AA_22_7,HONG_2023_GIMPO_GANGHWA,2022,HONG_2023_GIMPO_GANGHWA_WG,126.534444,37.745,r184c1226,exact_polygon_join,include
WG_AA_22_8,HONG_2023_GIMPO_GANGHWA,2022,HONG_2023_GIMPO_GANGHWA_WG,126.534444,37.745,r184c1226,exact_polygon_join,include
WG_AA_22_9,HONG_2023_GIMPO_GANGHWA,2022,HONG_2023_GIMPO_GANGHWA_WG,126.534444,37.745,r184c1226,exact_polygon_join,include
WG_AL_22_1,HONG_2023_GIMPO_GANGHWA,2022,HONG_2023_GIMPO_GANGHWA_WG,126.534444,37.745,r184c1226,exact_polygon_join,include
NG_AA_23_1,HONG_2023_GIMPO_GANGHWA,2023,HONG_2023_GIMPO_GANGHWA_NG,126.415278,37.731111,,outside_current_370_cell_grid,exclude_without_imputation
NG_AA_23_10,HONG_2023_GIMPO_GANGHWA,2023,HONG_2023_GIMPO_GANGHWA_NG,126.415278,37.731111,,outside_current_370_cell_grid,exclude_without_imputation
NG_AA_23_11,HONG_2023_GIMPO_GANGHWA,2023,HONG_2023_GIMPO_GANGHWA_NG,126.415278,37.731111,,outside_current_370_cell_grid,exclude_without_imputation
NG_AA_23_12,HONG_2023_GIMPO_GANGHWA,2023,HONG_2023_GIMPO_GANGHWA_NG,126.415278,37.731111,,outside_current_370_cell_grid,exclude_without_imputation
NG_AA_23_13,HONG_2023_GIMPO_GANGHWA,2023,HONG_2023_GIMPO_GANGHWA_NG,126.415278,37.731111,,outside_current_370_cell_grid,exclude_without_imputation
NG_AA_23_14,HONG_2023_GIMPO_GANGHWA,2023,HONG_2023_GIMPO_GANGHWA_NG,126.415278,37.731111,,outside_current_370_cell_grid,exclude_without_imputation
NG_AA_23_15,HONG_2023_GIMPO_GANGHWA,2023,HONG_2023_GIMPO_GANGHWA_NG,126.415278,37.731111,,outside_current_370_cell_grid,exclude_without_imputation
NG_AA_23_16,HONG_2023_GIMPO_GANGHWA,2023,HONG_2023_GIMPO_GANGHWA_NG,126.415278,37.731111,,outside_current_370_cell_grid,exclude_without_imputation
NG_AA_23_17,HONG_2023_GIMPO_GANGHWA,2023,HONG_2023_GIMPO_GANGHWA_NG,126.415278,37.731111,,outside_current_370_cell_grid,exclude_without_imputation
NG_AA_23_18,HONG_2023_GIMPO_GANGHWA,2023,HONG_2023_GIMPO_GANGHWA_NG,126.415278,37.731111,,outside_current_370_cell_grid,exclude_without_imputation
NG_AA_23_19,HONG_2023_GIMPO_GANGHWA,2023,HONG_2023_GIMPO_GANGHWA_NG,126.415278,37.731111,,outside_current_370_cell_grid,exclude_without_imputation
NG_AA_23_2,HONG_2023_GIMPO_GANGHWA,2023,HONG_2023_GIMPO_GANGHWA_NG,126.415278,37.731111,,outside_current_370_cell_grid,exclude_without_imputation
NG_AA_23_20,HONG_2023_GIMPO_GANGHWA,2023,HONG_2023_GIMPO_GANGHWA_NG,126.415278,37.731111,,outside_current_370_cell_grid,exclude_without_imputation
NG_AA_23_21,HONG_2023_GIMPO_GANGHWA,2023,HONG_2023_GIMPO_GANGHWA_NG,126.415278,37.731111,,outside_current_370_cell_grid,exclude_without_imputation
NG_AA_23_22,HONG_2023_GIMPO_GANGHWA,2023,HONG_2023_GIMPO_GANGHWA_NG,126.415278,37.731111,,outside_current_370_cell_grid,exclude_without_imputation
NG_AA_23_23,HONG_2023_GIMPO_GANGHWA,2023,HONG_2023_GIMPO_GANGHWA_NG,126.415278,37.731111,,outside_current_370_cell_grid,exclude_without_imputation
NG_AA_23_24,HONG_2023_GIMPO_GANGHWA,2023,HONG_2023_GIMPO_GANGHWA_NG,126.415278,37.731111,,outside_current_370_cell_grid,exclude_without_imputation
NG_AA_23_25,HONG_2023_GIMPO_GANGHWA,2023,HONG_2023_GIMPO_GANGHWA_NG,126.415278,37.731111,,outside_current_370_cell_grid,exclude_without_imputation
NG_AA_23_26,HONG_2023_GIMPO_GANGHWA,2023,HONG_2023_GIMPO_GANGHWA_NG,126.415278,37.731111,,outside_current_370_cell_grid,exclude_without_imputation
NG_AA_23_27,HONG_2023_GIMPO_GANGHWA,2023,HONG_2023_GIMPO_GANGHWA_NG,126.415278,37.731111,,outside_current_370_cell_grid,exclude_without_imputation
NG_AA_23_28,HONG_2023_GIMPO_GANGHWA,2023,HONG_2023_GIMPO_GANGHWA_NG,126.415278,37.731111,,outside_current_370_cell_grid,exclude_without_imputation
NG_AA_23_29,HONG_2023_GIMPO_GANGHWA,2023,HONG_2023_GIMPO_GANGHWA_NG,126.415278,37.731111,,outside_current_370_cell_grid,exclude_without_imputation
NG_AA_23_3,HONG_2023_GIMPO_GANGHWA,2023,HONG_2023_GIMPO_GANGHWA_NG,126.415278,37.731111,,outside_current_370_cell_grid,exclude_without_imputation
NG_AA_23_30,HONG_2023_GIMPO_GANGHWA,2023,HONG_2023_GIMPO_GANGHWA_NG,126.415278,37.731111,,outside_current_370_cell_grid,exclude_without_imputation
NG_AA_23_31,HONG_2023_GIMPO_GANGHWA,2023,HONG_2023_GIMPO_GANGHWA_NG,126.415278,37.731111,,outside_current_370_cell_grid,exclude_without_imputation
NG_AA_23_32,HONG_2023_GIMPO_GANGHWA,2023,HONG_2023_GIMPO_GANGHWA_NG,126.415278,37.731111,,outside_current_370_cell_grid,exclude_without_imputation
NG_AA_23_33,HONG_2023_GIMPO_GANGHWA,2023,HONG_2023_GIMPO_GANGHWA_NG,126.415278,37.731111,,outside_current_370_cell_grid,exclude_without_imputation
NG_AA_23_36,HONG_2023_GIMPO_GANGHWA,2023,HONG_2023_GIMPO_GANGHWA_NG,126.415278,37.731111,,outside_current_370_cell_grid,exclude_without_imputation
NG_AA_23_37,HONG_2023_GIMPO_GANGHWA,2023,HONG_2023_GIMPO_GANGHWA_NG,126.415278,37.731111,,outside_current_370_cell_grid,exclude_without_imputation
NG_AA_23_38,HONG_2023_GIMPO_GANGHWA,2023,HONG_2023_GIMPO_GANGHWA_NG,126.415278,37.731111,,outside_current_370_cell_grid,exclude_without_imputation
NG_AA_23_39,HONG_2023_GIMPO_GANGHWA,2023,HONG_2023_GIMPO_GANGHWA_NG,126.415278,37.731111,,outside_current_370_cell_grid,exclude_without_imputation
NG_AA_23_4,HONG_2023_GIMPO_GANGHWA,2023,HONG_2023_GIMPO_GANGHWA_NG,126.415278,37.731111,,outside_current_370_cell_grid,exclude_without_imputation
NG_AA_23_40,HONG_2023_GIMPO_GANGHWA,2023,HONG_2023_GIMPO_GANGHWA_NG,126.415278,37.731111,,outside_current_370_cell_grid,exclude_without_imputation
NG_AA_23_41,HONG_2023_GIMPO_GANGHWA,2023,HONG_2023_GIMPO_GANGHWA_NG,126.415278,37.731111,,outside_current_370_cell_grid,exclude_without_imputation
NG_AA_23_42,HONG_2023_GIMPO_GANGHWA,2023,HONG_2023_GIMPO_GANGHWA_NG,126.415278,37.731111,,outside_current_370_cell_grid,exclude_without_imputation
NG_AA_23_43,HONG_2023_GIMPO_GANGHWA,2023,HONG_2023_GIMPO_GANGHWA_NG,126.415278,37.731111,,outside_current_370_cell_grid,exclude_without_imputation
NG_AA_23_44,HONG_2023_GIMPO_GANGHWA,2023,HONG_2023_GIMPO_GANGHWA_NG,126.415278,37.731111,,outside_current_370_cell_grid,exclude_without_imputation
NG_AA_23_45,HONG_2023_GIMPO_GANGHWA,2023,HONG_2023_GIMPO_GANGHWA_NG,126.415278,37.731111,,outside_current_370_cell_grid,exclude_without_imputation
NG_AA_23_46,HONG_2023_GIMPO_GANGHWA,2023,HONG_2023_GIMPO_GANGHWA_NG,126.415278,37.731111,,outside_current_370_cell_grid,exclude_without_imputation
NG_AA_23_47,HONG_2023_GIMPO_GANGHWA,2023,HONG_2023_GIMPO_GANGHWA_NG,126.415278,37.731111,,outside_current_370_cell_grid,exclude_without_imputation
NG_AA_23_48,HONG_2023_GIMPO_GANGHWA,2023,HONG_2023_GIMPO_GANGHWA_NG,126.415278,37.731111,,outside_current_370_cell_grid,exclude_without_imputation
NG_AA_23_49,HONG_2023_GIMPO_GANGHWA,2023,HONG_2023_GIMPO_GANGHWA_NG,126.415278,37.731111,,outside_current_370_cell_grid,exclude_without_imputation
NG_AA_23_5,HONG_2023_GIMPO_GANGHWA,2023,HONG_2023_GIMPO_GANGHWA_NG,126.415278,37.731111,,outside_current_370_cell_grid,exclude_without_imputation
NG_AA_23_50,HONG_2023_GIMPO_GANGHWA,2023,HONG_2023_GIMPO_GANGHWA_NG,126.415278,37.731111,,outside_current_370_cell_grid,exclude_without_imputation
NG_AA_23_51,HONG_2023_GIMPO_GANGHWA,2023,HONG_2023_GIMPO_GANGHWA_NG,126.415278,37.731111,,outside_current_370_cell_grid,exclude_without_imputation
NG_AA_23_52,HONG_2023_GIMPO_GANGHWA,2023,HONG_2023_GIMPO_GANGHWA_NG,126.415278,37.731111,,outside_current_370_cell_grid,exclude_without_imputation
NG_AA_23_53,HONG_2023_GIMPO_GANGHWA,2023,HONG_2023_GIMPO_GANGHWA_NG,126.415278,37.731111,,outside_current_370_cell_grid,exclude_without_imputation
NG_AA_23_54,HONG_2023_GIMPO_GANGHWA,2023,HONG_2023_GIMPO_GANGHWA_NG,126.415278,37.731111,,outside_current_370_cell_grid,exclude_without_imputation
NG_AA_23_55,HONG_2023_GIMPO_GANGHWA,2023,HONG_2023_GIMPO_GANGHWA_NG,126.415278,37.731111,,outside_current_370_cell_grid,exclude_without_imputation
NG_AA_23_56,HONG_2023_GIMPO_GANGHWA,2023,HONG_2023_GIMPO_GANGHWA_NG,126.415278,37.731111,,outside_current_370_cell_grid,exclude_without_imputation
NG_AA_23_57,HONG_2023_GIMPO_GANGHWA,2023,HONG_2023_GIMPO_GANGHWA_NG,126.415278,37.731111,,outside_current_370_cell_grid,exclude_without_imputation
NG_AA_23_58,HONG_2023_GIMPO_GANGHWA,2023,HONG_2023_GIMPO_GANGHWA_NG,126.415278,37.731111,,outside_current_370_cell_grid,exclude_without_imputation
NG_AA_23_59,HONG_2023_GIMPO_GANGHWA,2023,HONG_2023_GIMPO_GANGHWA_NG,126.415278,37.731111,,outside_current_370_cell_grid,exclude_without_imputation
NG_AA_23_6,HONG_2023_GIMPO_GANGHWA,2023,HONG_2023_GIMPO_GANGHWA_NG,126.415278,37.731111,,outside_current_370_cell_grid,exclude_without_imputation
NG_AA_23_60,HONG_2023_GIMPO_GANGHWA,2023,HONG_2023_GIMPO_GANGHWA_NG,126.415278,37.731111,,outside_current_370_cell_grid,exclude_without_imputation
NG_AA_23_61,HONG_2023_GIMPO_GANGHWA,2023,HONG_2023_GIMPO_GANGHWA_NG,126.415278,37.731111,,outside_current_370_cell_grid,exclude_without_imputation
NG_AA_23_62,HONG_2023_GIMPO_GANGHWA,2023,HONG_2023_GIMPO_GANGHWA_NG,126.415278,37.731111,,outside_current_370_cell_grid,exclude_without_imputation
NG_AA_23_63,HONG_2023_GIMPO_GANGHWA,2023,HONG_2023_GIMPO_GANGHWA_NG,126.415278,37.731111,,outside_current_370_cell_grid,exclude_without_imputation
NG_AA_23_64,HONG_2023_GIMPO_GANGHWA,2023,HONG_2023_GIMPO_GANGHWA_NG,126.415278,37.731111,,outside_current_370_cell_grid,exclude_without_imputation
NG_AA_23_65,HONG_2023_GIMPO_GANGHWA,2023,HONG_2023_GIMPO_GANGHWA_NG,126.415278,37.731111,,outside_current_370_cell_grid,exclude_without_imputation
NG_AA_23_66,HONG_2023_GIMPO_GANGHWA,2023,HONG_2023_GIMPO_GANGHWA_NG,126.415278,37.731111,,outside_current_370_cell_grid,exclude_without_imputation
NG_AA_23_67,HONG_2023_GIMPO_GANGHWA,2023,HONG_2023_GIMPO_GANGHWA_NG,126.415278,37.731111,,outside_current_370_cell_grid,exclude_without_imputation
NG_AA_23_68,HONG_2023_GIMPO_GANGHWA,2023,HONG_2023_GIMPO_GANGHWA_NG,126.415278,37.731111,,outside_current_370_cell_grid,exclude_without_imputation
NG_AA_23_69,HONG_2023_GIMPO_GANGHWA,2023,HONG_2023_GIMPO_GANGHWA_NG,126.415278,37.731111,,outside_current_370_cell_grid,exclude_without_imputation
NG_AA_23_7,HONG_2023_GIMPO_GANGHWA,2023,HONG_2023_GIMPO_GANGHWA_NG,126.415278,37.731111,,outside_current_370_cell_grid,exclude_without_imputation
NG_AA_23_70,HONG_2023_GIMPO_GANGHWA,2023,HONG_2023_GIMPO_GANGHWA_NG,126.415278,37.731111,,outside_current_370_cell_grid,exclude_without_imputation
NG_AA_23_71,HONG_2023_GIMPO_GANGHWA,2023,HONG_2023_GIMPO_GANGHWA_NG,126.415278,37.731111,,outside_current_370_cell_grid,exclude_without_imputation
NG_AA_23_72,HONG_2023_GIMPO_GANGHWA,2023,HONG_2023_GIMPO_GANGHWA_NG,126.415278,37.731111,,outside_current_370_cell_grid,exclude_without_imputation
NG_AA_23_73,HONG_2023_GIMPO_GANGHWA,2023,HONG_2023_GIMPO_GANGHWA_NG,126.415278,37.731111,,outside_current_370_cell_grid,exclude_without_imputation
NG_AA_23_74,HONG_2023_GIMPO_GANGHWA,2023,HONG_2023_GIMPO_GANGHWA_NG,126.415278,37.731111,,outside_current_370_cell_grid,exclude_without_imputation
NG_AA_23_75,HONG_2023_GIMPO_GANGHWA,2023,HONG_2023_GIMPO_GANGHWA_NG,126.415278,37.731111,,outside_current_370_cell_grid,exclude_without_imputation
NG_AA_23_76,HONG_2023_GIMPO_GANGHWA,2023,HONG_2023_GIMPO_GANGHWA_NG,126.415278,37.731111,,outside_current_370_cell_grid,exclude_without_imputation
NG_AA_23_77,HONG_2023_GIMPO_GANGHWA,2023,HONG_2023_GIMPO_GANGHWA_NG,126.415278,37.731111,,outside_current_370_cell_grid,exclude_without_imputation
NG_AA_23_78,HONG_2023_GIMPO_GANGHWA,2023,HONG_2023_GIMPO_GANGHWA_NG,126.415278,37.731111,,outside_current_370_cell_grid,exclude_without_imputation
NG_AA_23_79,HONG_2023_GIMPO_GANGHWA,2023,HONG_2023_GIMPO_GANGHWA_NG,126.415278,37.731111,,outside_current_370_cell_grid,exclude_without_imputation
NG_AA_23_8,HONG_2023_GIMPO_GANGHWA,2023,HONG_2023_GIMPO_GANGHWA_NG,126.415278,37.731111,,outside_current_370_cell_grid,exclude_without_imputation
NG_AA_23_80,HONG_2023_GIMPO_GANGHWA,2023,HONG_2023_GIMPO_GANGHWA_NG,126.415278,37.731111,,outside_current_370_cell_grid,exclude_without_imputation
NG_AA_23_81,HONG_2023_GIMPO_GANGHWA,2023,HONG_2023_GIMPO_GANGHWA_NG,126.415278,37.731111,,outside_current_370_cell_grid,exclude_without_imputation
NG_AA_23_82,HONG_2023_GIMPO_GANGHWA,2023,HONG_2023_GIMPO_GANGHWA_NG,126.415278,37.731111,,outside_current_370_cell_grid,exclude_without_imputation
NG_AA_23_83,HONG_2023_GIMPO_GANGHWA,2023,HONG_2023_GIMPO_GANGHWA_NG,126.415278,37.731111,,outside_current_370_cell_grid,exclude_without_imputation
NG_AA_23_84,HONG_2023_GIMPO_GANGHWA,2023,HONG_2023_GIMPO_GANGHWA_NG,126.415278,37.731111,,outside_current_370_cell_grid,exclude_without_imputation
NG_AA_23_85,HONG_2023_GIMPO_GANGHWA,2023,HONG_2023_GIMPO_GANGHWA_NG,126.415278,37.731111,,outside_current_370_cell_grid,exclude_without_imputation
NG_AA_23_86,HONG_2023_GIMPO_GANGHWA,2023,HONG_2023_GIMPO_GANGHWA_NG,126.415278,37.731111,,outside_current_370_cell_grid,exclude_without_imputation
NG_AA_23_87,HONG_2023_GIMPO_GANGHWA,2023,HONG_2023_GIMPO_GANGHWA_NG,126.415278,37.731111,,outside_current_370_cell_grid,exclude_without_imputation
NG_AA_23_88,HONG_2023_GIMPO_GANGHWA,2023,HONG_2023_GIMPO_GANGHWA_NG,126.415278,37.731111,,outside_current_370_cell_grid,exclude_without_imputation
NG_AA_23_89,HONG_2023_GIMPO_GANGHWA,2023,HONG_2023_GIMPO_GANGHWA_NG,126.415278,37.731111,,outside_current_370_cell_grid,exclude_without_imputation
NG_AA_23_9,HONG_2023_GIMPO_GANGHWA,2023,HONG_2023_GIMPO_GANGHWA_NG,126.415278,37.731111,,outside_current_370_cell_grid,exclude_without_imputation
NG_AA_23_90,HONG_2023_GIMPO_GANGHWA,2023,HONG_2023_GIMPO_GANGHWA_NG,126.415278,37.731111,,outside_current_370_cell_grid,exclude_without_imputation
NG_AA_23_91,HONG_2023_GIMPO_GANGHWA,2023,HONG_2023_GIMPO_GANGHWA_NG,126.415278,37.731111,,outside_current_370_cell_grid,exclude_without_imputation
WG_AA_23_19,HONG_2023_GIMPO_GANGHWA,2023,HONG_2023_GIMPO_GANGHWA_WG,126.534444,37.745,r184c1226,exact_polygon_join,include
WG_AA_23_20,HONG_2023_GIMPO_GANGHWA,2023,HONG_2023_GIMPO_GANGHWA_WG,126.534444,37.745,r184c1226,exact_polygon_join,include
WG_AA_23_21,HONG_2023_GIMPO_GANGHWA,2023,HONG_2023_GIMPO_GANGHWA_WG,126.534444,37.745,r184c1226,exact_polygon_join,include
KH_AA_24_07_1,JEON_2025_GANGHWA_2024,2024,JEON_2025_GANGHWA_2024_KH,126.459417,37.743444,,outside_current_370_cell_grid,exclude_without_imputation
KH_AA_24_07_11,JEON_2025_GANGHWA_2024,2024,JEON_2025_GANGHWA_2024_KH,126.459417,37.743444,,outside_current_370_cell_grid,exclude_without_imputation
KH_AA_24_07_12,JEON_2025_GANGHWA_2024,2024,JEON_2025_GANGHWA_2024_KH,126.459417,37.743444,,outside_current_370_cell_grid,exclude_without_imputation
KH_AA_24_07_13,JEON_2025_GANGHWA_2024,2024,JEON_2025_GANGHWA_2024_KH,126.459417,37.743444,,outside_current_370_cell_grid,exclude_without_imputation
KH_AA_24_07_2,JEON_2025_GANGHWA_2024,2024,JEON_2025_GANGHWA_2024_KH,126.459417,37.743444,,outside_current_370_cell_grid,exclude_without_imputation
KH_AA_24_07_3,JEON_2025_GANGHWA_2024,2024,JEON_2025_GANGHWA_2024_KH,126.459417,37.743444,,outside_current_370_cell_grid,exclude_without_imputation
KH_AA_24_07_4,JEON_2025_GANGHWA_2024,2024,JEON_2025_GANGHWA_2024_KH,126.459417,37.743444,,outside_current_370_cell_grid,exclude_without_imputation
KH_AA_24_07_5,JEON_2025_GANGHWA_2024,2024,JEON_2025_GANGHWA_2024_KH,126.459417,37.743444,,outside_current_370_cell_grid,exclude_without_imputation
KH_AA_24_07_6,JEON_2025_GANGHWA_2024,2024,JEON_2025_GANGHWA_2024_KH,126.459417,37.743444,,outside_current_370_cell_grid,exclude_without_imputation
KH_AA_24_07_7,JEON_2025_GANGHWA_2024,2024,JEON_2025_GANGHWA_2024_KH,126.459417,37.743444,,outside_current_370_cell_grid,exclude_without_imputation
KH_AA_24_07_8,JEON_2025_GANGHWA_2024,2024,JEON_2025_GANGHWA_2024_KH,126.459417,37.743444,,outside_current_370_cell_grid,exclude_without_imputation
KH_AA_24_07_9,JEON_2025_GANGHWA_2024,2024,JEON_2025_GANGHWA_2024_KH,126.459417,37.743444,,outside_current_370_cell_grid,exclude_without_imputation
KH_AA_24_08_1,JEON_2025_GANGHWA_2024,2024,JEON_2025_GANGHWA_2024_KH,126.459417,37.743444,,outside_current_370_cell_grid,exclude_without_imputation
KH_AA_24_08_2,JEON_2025_GANGHWA_2024,2024,JEON_2025_GANGHWA_2024_KH,126.459417,37.743444,,outside_current_370_cell_grid,exclude_without_imputation
KH_AA_24_08_3,JEON_2025_GANGHWA_2024,2024,JEON_2025_GANGHWA_2024_KH,126.459417,37.743444,,outside_current_370_cell_grid,exclude_without_imputation
SH_AA_24_08_1,JEON_2025_GANGHWA_2024,2024,JEON_2025_GANGHWA_2024_SH,126.452639,37.730694,,outside_current_370_cell_grid,exclude_without_imputation
SH_AA_24_08_10,JEON_2025_GANGHWA_2024,2024,JEON_2025_GANGHWA_2024_SH,126.452639,37.730694,,outside_current_370_cell_grid,exclude_without_imputation
SH_AA_24_08_12,JEON_2025_GANGHWA_2024,2024,JEON_2025_GANGHWA_2024_SH,126.452639,37.730694,,outside_current_370_cell_grid,exclude_without_imputation
SH_AA_24_08_13,JEON_2025_GANGHWA_2024,2024,JEON_2025_GANGHWA_2024_SH,126.452639,37.730694,,outside_current_370_cell_grid,exclude_without_imputation
SH_AA_24_08_14,JEON_2025_GANGHWA_2024,2024,JEON_2025_GANGHWA_2024_SH,126.452639,37.730694,,outside_current_370_cell_grid,exclude_without_imputation
SH_AA_24_08_15,JEON_2025_GANGHWA_2024,2024,JEON_2025_GANGHWA_2024_SH,126.452639,37.730694,,outside_current_370_cell_grid,exclude_without_imputation
SH_AA_24_08_17,JEON_2025_GANGHWA_2024,2024,JEON_2025_GANGHWA_2024_SH,126.452639,37.730694,,outside_current_370_cell_grid,exclude_without_imputation
SH_AA_24_08_18,JEON_2025_GANGHWA_2024,2024,JEON_2025_GANGHWA_2024_SH,126.452639,37.730694,,outside_current_370_cell_grid,exclude_without_imputation
SH_AA_24_08_19,JEON_2025_GANGHWA_2024,2024,JEON_2025_GANGHWA_2024_SH,126.452639,37.730694,,outside_current_370_cell_grid,exclude_without_imputation
SH_AA_24_08_2,JEON_2025_GANGHWA_2024,2024,JEON_2025_GANGHWA_2024_SH,126.452639,37.730694,,outside_current_370_cell_grid,exclude_without_imputation
SH_AA_24_08_20,JEON_2025_GANGHWA_2024,2024,JEON_2025_GANGHWA_2024_SH,126.452639,37.730694,,outside_current_370_cell_grid,exclude_without_imputation
SH_AA_24_08_23,JEON_2025_GANGHWA_2024,2024,JEON_2025_GANGHWA_2024_SH,126.452639,37.730694,,outside_current_370_cell_grid,exclude_without_imputation
SH_AA_24_08_24,JEON_2025_GANGHWA_2024,2024,JEON_2025_GANGHWA_2024_SH,126.452639,37.730694,,outside_current_370_cell_grid,exclude_without_imputation
SH_AA_24_08_25,JEON_2025_GANGHWA_2024,2024,JEON_2025_GANGHWA_2024_SH,126.452639,37.730694,,outside_current_370_cell_grid,exclude_without_imputation
SH_AA_24_08_26,JEON_2025_GANGHWA_2024,2024,JEON_2025_GANGHWA_2024_SH,126.452639,37.730694,,outside_current_370_cell_grid,exclude_without_imputation
SH_AA_24_08_27,JEON_2025_GANGHWA_2024,2024,JEON_2025_GANGHWA_2024_SH,126.452639,37.730694,,outside_current_370_cell_grid,exclude_without_imputation
SH_AA_24_08_28,JEON_2025_GANGHWA_2024,2024,JEON_2025_GANGHWA_2024_SH,126.452639,37.730694,,outside_current_370_cell_grid,exclude_without_imputation
SH_AA_24_08_29,JEON_2025_GANGHWA_2024,2024,JEON_2025_GANGHWA_2024_SH,126.452639,37.730694,,outside_current_370_cell_grid,exclude_without_imputation
SH_AA_24_08_3,JEON_2025_GANGHWA_2024,2024,JEON_2025_GANGHWA_2024_SH,126.452639,37.730694,,outside_current_370_cell_grid,exclude_without_imputation
SH_AA_24_08_30,JEON_2025_GANGHWA_2024,2024,JEON_2025_GANGHWA_2024_SH,126.452639,37.730694,,outside_current_370_cell_grid,exclude_without_imputation
SH_AA_24_08_31,JEON_2025_GANGHWA_2024,2024,JEON_2025_GANGHWA_2024_SH,126.452639,37.730694,,outside_current_370_cell_grid,exclude_without_imputation
SH_AA_24_08_32,JEON_2025_GANGHWA_2024,2024,JEON_2025_GANGHWA_2024_SH,126.452639,37.730694,,outside_current_370_cell_grid,exclude_without_imputation
SH_AA_24_08_33,JEON_2025_GANGHWA_2024,2024,JEON_2025_GANGHWA_2024_SH,126.452639,37.730694,,outside_current_370_cell_grid,exclude_without_imputation
SH_AA_24_08_34,JEON_2025_GANGHWA_2024,2024,JEON_2025_GANGHWA_2024_SH,126.452639,37.730694,,outside_current_370_cell_grid,exclude_without_imputation
SH_AA_24_08_35,JEON_2025_GANGHWA_2024,2024,JEON_2025_GANGHWA_2024_SH,126.452639,37.730694,,outside_current_370_cell_grid,exclude_without_imputation
SH_AA_24_08_36,JEON_2025_GANGHWA_2024,2024,JEON_2025_GANGHWA_2024_SH,126.452639,37.730694,,outside_current_370_cell_grid,exclude_without_imputation
SH_AA_24_08_37,JEON_2025_GANGHWA_2024,2024,JEON_2025_GANGHWA_2024_SH,126.452639,37.730694,,outside_current_370_cell_grid,exclude_without_imputation
SH_AA_24_08_38,JEON_2025_GANGHWA_2024,2024,JEON_2025_GANGHWA_2024_SH,126.452639,37.730694,,outside_current_370_cell_grid,exclude_without_imputation
SH_AA_24_08_39,JEON_2025_GANGHWA_2024,2024,JEON_2025_GANGHWA_2024_SH,126.452639,37.730694,,outside_current_370_cell_grid,exclude_without_imputation
SH_AA_24_08_4,JEON_2025_GANGHWA_2024,2024,JEON_2025_GANGHWA_2024_SH,126.452639,37.730694,,outside_current_370_cell_grid,exclude_without_imputation
SH_AA_24_08_40,JEON_2025_GANGHWA_2024,2024,JEON_2025_GANGHWA_2024_SH,126.452639,37.730694,,outside_current_370_cell_grid,exclude_without_imputation
SH_AA_24_08_41,JEON_2025_GANGHWA_2024,2024,JEON_2025_GANGHWA_2024_SH,126.452639,37.730694,,outside_current_370_cell_grid,exclude_without_imputation
SH_AA_24_08_43,JEON_2025_GANGHWA_2024,2024,JEON_2025_GANGHWA_2024_SH,126.452639,37.730694,,outside_current_370_cell_grid,exclude_without_imputation
SH_AA_24_08_44,JEON_2025_GANGHWA_2024,2024,JEON_2025_GANGHWA_2024_SH,126.452639,37.730694,,outside_current_370_cell_grid,exclude_without_imputation
SH_AA_24_08_45,JEON_2025_GANGHWA_2024,2024,JEON_2025_GANGHWA_2024_SH,126.452639,37.730694,,outside_current_370_cell_grid,exclude_without_imputation
SH_AA_24_08_47,JEON_2025_GANGHWA_2024,2024,JEON_2025_GANGHWA_2024_SH,126.452639,37.730694,,outside_current_370_cell_grid,exclude_without_imputation
SH_AA_24_08_48,JEON_2025_GANGHWA_2024,2024,JEON_2025_GANGHWA_2024_SH,126.452639,37.730694,,outside_current_370_cell_grid,exclude_without_imputation
SH_AA_24_08_49,JEON_2025_GANGHWA_2024,2024,JEON_2025_GANGHWA_2024_SH,126.452639,37.730694,,outside_current_370_cell_grid,exclude_without_imputation
SH_AA_24_08_5,JEON_2025_GANGHWA_2024,2024,JEON_2025_GANGHWA_2024_SH,126.452639,37.730694,,outside_current_370_cell_grid,exclude_without_imputation
SH_AA_24_08_50,JEON_2025_GANGHWA_2024,2024,JEON_2025_GANGHWA_2024_SH,126.452639,37.730694,,outside_current_370_cell_grid,exclude_without_imputation
SH_AA_24_08_51,JEON_2025_GANGHWA_2024,2024,JEON_2025_GANGHWA_2024_SH,126.452639,37.730694,,outside_current_370_cell_grid,exclude_without_imputation
SH_AA_24_08_52,JEON_2025_GANGHWA_2024,2024,JEON_2025_GANGHWA_2024_SH,126.452639,37.730694,,outside_current_370_cell_grid,exclude_without_imputation
SH_AA_24_08_53,JEON_2025_GANGHWA_2024,2024,JEON_2025_GANGHWA_2024_SH,126.452639,37.730694,,outside_current_370_cell_grid,exclude_without_imputation
SH_AA_24_08_54,JEON_2025_GANGHWA_2024,2024,JEON_2025_GANGHWA_2024_SH,126.452639,37.730694,,outside_current_370_cell_grid,exclude_without_imputation
SH_AA_24_08_55,JEON_2025_GANGHWA_2024,2024,JEON_2025_GANGHWA_2024_SH,126.452639,37.730694,,outside_current_370_cell_grid,exclude_without_imputation
SH_AA_24_08_56,JEON_2025_GANGHWA_2024,2024,JEON_2025_GANGHWA_2024_SH,126.452639,37.730694,,outside_current_370_cell_grid,exclude_without_imputation
SH_AA_24_08_57,JEON_2025_GANGHWA_2024,2024,JEON_2025_GANGHWA_2024_SH,126.452639,37.730694,,outside_current_370_cell_grid,exclude_without_imputation
SH_AA_24_08_58,JEON_2025_GANGHWA_2024,2024,JEON_2025_GANGHWA_2024_SH,126.452639,37.730694,,outside_current_370_cell_grid,exclude_without_imputation
SH_AA_24_08_59,JEON_2025_GANGHWA_2024,2024,JEON_2025_GANGHWA_2024_SH,126.452639,37.730694,,outside_current_370_cell_grid,exclude_without_imputation
SH_AA_24_08_6,JEON_2025_GANGHWA_2024,2024,JEON_2025_GANGHWA_2024_SH,126.452639,37.730694,,outside_current_370_cell_grid,exclude_without_imputation
SH_AA_24_08_60,JEON_2025_GANGHWA_2024,2024,JEON_2025_GANGHWA_2024_SH,126.452639,37.730694,,outside_current_370_cell_grid,exclude_without_imputation
SH_AA_24_08_61,JEON_2025_GANGHWA_2024,2024,JEON_2025_GANGHWA_2024_SH,126.452639,37.730694,,outside_current_370_cell_grid,exclude_without_imputation
SH_AA_24_08_62,JEON_2025_GANGHWA_2024,2024,JEON_2025_GANGHWA_2024_SH,126.452639,37.730694,,outside_current_370_cell_grid,exclude_without_imputation
SH_AA_24_08_7,JEON_2025_GANGHWA_2024,2024,JEON_2025_GANGHWA_2024_SH,126.452639,37.730694,,outside_current_370_cell_grid,exclude_without_imputation
SH_AA_24_08_8,JEON_2025_GANGHWA_2024,2024,JEON_2025_GANGHWA_2024_SH,126.452639,37.730694,,outside_current_370_cell_grid,exclude_without_imputation
SH_AA_24_08_9,JEON_2025_GANGHWA_2024,2024,JEON_2025_GANGHWA_2024_SH,126.452639,37.730694,,outside_current_370_cell_grid,exclude_without_imputation
SH_AA_24_08_M2,JEON_2025_GANGHWA_2024,2024,JEON_2025_GANGHWA_2024_SH,126.452639,37.730694,,outside_current_370_cell_grid,exclude_without_imputation
SH_AA_24_08_M3,JEON_2025_GANGHWA_2024,2024,JEON_2025_GANGHWA_2024_SH,126.452639,37.730694,,outside_current_370_cell_grid,exclude_without_imputation
SH_AA_24_09_10,JEON_2025_GANGHWA_2024,2024,JEON_2025_GANGHWA_2024_SH,126.452639,37.730694,,outside_current_370_cell_grid,exclude_without_imputation
SH_AA_24_09_11,JEON_2025_GANGHWA_2024,2024,JEON_2025_GANGHWA_2024_SH,126.452639,37.730694,,outside_current_370_cell_grid,exclude_without_imputation
SH_AA_24_09_2,JEON_2025_GANGHWA_2024,2024,JEON_2025_GANGHWA_2024_SH,126.452639,37.730694,,outside_current_370_cell_grid,exclude_without_imputation
SH_AA_24_09_4,JEON_2025_GANGHWA_2024,2024,JEON_2025_GANGHWA_2024_SH,126.452639,37.730694,,outside_current_370_cell_grid,exclude_without_imputation
SH_AA_24_09_5,JEON_2025_GANGHWA_2024,2024,JEON_2025_GANGHWA_2024_SH,126.452639,37.730694,,outside_current_370_cell_grid,exclude_without_imputation
SH_AA_24_09_6,JEON_2025_GANGHWA_2024,2024,JEON_2025_GANGHWA_2024_SH,126.452639,37.730694,,outside_current_370_cell_grid,exclude_without_imputation
SH_AA_24_09_7,JEON_2025_GANGHWA_2024,2024,JEON_2025_GANGHWA_2024_SH,126.452639,37.730694,,outside_current_370_cell_grid,exclude_without_imputation
SH_AA_24_09_8,JEON_2025_GANGHWA_2024,2024,JEON_2025_GANGHWA_2024_SH,126.452639,37.730694,,outside_current_370_cell_grid,exclude_without_imputation
SH_AA_24_09_9,JEON_2025_GANGHWA_2024,2024,JEON_2025_GANGHWA_2024_SH,126.452639,37.730694,,outside_current_370_cell_grid,exclude_without_imputation
SH_AL_24_07_1,JEON_2025_GANGHWA_2024,2024,JEON_2025_GANGHWA_2024_SH,126.452639,37.730694,,outside_current_370_cell_grid,exclude_without_imputation
SH_AL_24_07_11,JEON_2025_GANGHWA_2024,2024,JEON_2025_GANGHWA_2024_SH,126.452639,37.730694,,outside_current_370_cell_grid,exclude_without_imputation
SH_AL_24_07_12,JEON_2025_GANGHWA_2024,2024,JEON_2025_GANGHWA_2024_SH,126.452639,37.730694,,outside_current_370_cell_grid,exclude_without_imputation
SH_AL_24_07_13,JEON_2025_GANGHWA_2024,2024,JEON_2025_GANGHWA_2024_SH,126.452639,37.730694,,outside_current_370_cell_grid,exclude_without_imputation
SH_AL_24_07_14,JEON_2025_GANGHWA_2024,2024,JEON_2025_GANGHWA_2024_SH,126.452639,37.730694,,outside_current_370_cell_grid,exclude_without_imputation
SH_AL_24_07_15,JEON_2025_GANGHWA_2024,2024,JEON_2025_GANGHWA_2024_SH,126.452639,37.730694,,outside_current_370_cell_grid,exclude_without_imputation
SH_AL_24_07_16,JEON_2025_GANGHWA_2024,2024,JEON_2025_GANGHWA_2024_SH,126.452639,37.730694,,outside_current_370_cell_grid,exclude_without_imputation
SH_AL_24_07_17,JEON_2025_GANGHWA_2024,2024,JEON_2025_GANGHWA_2024_SH,126.452639,37.730694,,outside_current_370_cell_grid,exclude_without_imputation
SH_AL_24_07_18,JEON_2025_GANGHWA_2024,2024,JEON_2025_GANGHWA_2024_SH,126.452639,37.730694,,outside_current_370_cell_grid,exclude_without_imputation
SH_AL_24_07_19,JEON_2025_GANGHWA_2024,2024,JEON_2025_GANGHWA_2024_SH,126.452639,37.730694,,outside_current_370_cell_grid,exclude_without_imputation
SH_AL_24_07_20,JEON_2025_GANGHWA_2024,2024,JEON_2025_GANGHWA_2024_SH,126.452639,37.730694,,outside_current_370_cell_grid,exclude_without_imputation
SH_AL_24_07_21,JEON_2025_GANGHWA_2024,2024,JEON_2025_GANGHWA_2024_SH,126.452639,37.730694,,outside_current_370_cell_grid,exclude_without_imputation
SH_AL_24_07_22,JEON_2025_GANGHWA_2024,2024,JEON_2025_GANGHWA_2024_SH,126.452639,37.730694,,outside_current_370_cell_grid,exclude_without_imputation
SH_AL_24_07_23,JEON_2025_GANGHWA_2024,2024,JEON_2025_GANGHWA_2024_SH,126.452639,37.730694,,outside_current_370_cell_grid,exclude_without_imputation
SH_AL_24_07_25,JEON_2025_GANGHWA_2024,2024,JEON_2025_GANGHWA_2024_SH,126.452639,37.730694,,outside_current_370_cell_grid,exclude_without_imputation
SH_AL_24_07_26,JEON_2025_GANGHWA_2024,2024,JEON_2025_GANGHWA_2024_SH,126.452639,37.730694,,outside_current_370_cell_grid,exclude_without_imputation
SH_AL_24_07_27,JEON_2025_GANGHWA_2024,2024,JEON_2025_GANGHWA_2024_SH,126.452639,37.730694,,outside_current_370_cell_grid,exclude_without_imputation
SH_AL_24_07_28,JEON_2025_GANGHWA_2024,2024,JEON_2025_GANGHWA_2024_SH,126.452639,37.730694,,outside_current_370_cell_grid,exclude_without_imputation
SH_AL_24_07_29,JEON_2025_GANGHWA_2024,2024,JEON_2025_GANGHWA_2024_SH,126.452639,37.730694,,outside_current_370_cell_grid,exclude_without_imputation
SH_AL_24_07_3,JEON_2025_GANGHWA_2024,2024,JEON_2025_GANGHWA_2024_SH,126.452639,37.730694,,outside_current_370_cell_grid,exclude_without_imputation
SH_AL_24_07_31,JEON_2025_GANGHWA_2024,2024,JEON_2025_GANGHWA_2024_SH,126.452639,37.730694,,outside_current_370_cell_grid,exclude_without_imputation
SH_AL_24_07_32,JEON_2025_GANGHWA_2024,2024,JEON_2025_GANGHWA_2024_SH,126.452639,37.730694,,outside_current_370_cell_grid,exclude_without_imputation
SH_AL_24_07_33,JEON_2025_GANGHWA_2024,2024,JEON_2025_GANGHWA_2024_SH,126.452639,37.730694,,outside_current_370_cell_grid,exclude_without_imputation
SH_AL_24_07_34,JEON_2025_GANGHWA_2024,2024,JEON_2025_GANGHWA_2024_SH,126.452639,37.730694,,outside_current_370_cell_grid,exclude_without_imputation
SH_AL_24_07_35,JEON_2025_GANGHWA_2024,2024,JEON_2025_GANGHWA_2024_SH,126.452639,37.730694,,outside_current_370_cell_grid,exclude_without_imputation
SH_AL_24_07_36,JEON_2025_GANGHWA_2024,2024,JEON_2025_GANGHWA_2024_SH,126.452639,37.730694,,outside_current_370_cell_grid,exclude_without_imputation
SH_AL_24_07_37,JEON_2025_GANGHWA_2024,2024,JEON_2025_GANGHWA_2024_SH,126.452639,37.730694,,outside_current_370_cell_grid,exclude_without_imputation
SH_AL_24_07_38,JEON_2025_GANGHWA_2024,2024,JEON_2025_GANGHWA_2024_SH,126.452639,37.730694,,outside_current_370_cell_grid,exclude_without_imputation
SH_AL_24_07_39,JEON_2025_GANGHWA_2024,2024,JEON_2025_GANGHWA_2024_SH,126.452639,37.730694,,outside_current_370_cell_grid,exclude_without_imputation
SH_AL_24_07_40,JEON_2025_GANGHWA_2024,2024,JEON_2025_GANGHWA_2024_SH,126.452639,37.730694,,outside_current_370_cell_grid,exclude_without_imputation
SH_AL_24_07_41,JEON_2025_GANGHWA_2024,2024,JEON_2025_GANGHWA_2024_SH,126.452639,37.730694,,outside_current_370_cell_grid,exclude_without_imputation
SH_AL_24_07_42,JEON_2025_GANGHWA_2024,2024,JEON_2025_GANGHWA_2024_SH,126.452639,37.730694,,outside_current_370_cell_grid,exclude_without_imputation
SH_AL_24_07_43,JEON_2025_GANGHWA_2024,2024,JEON_2025_GANGHWA_2024_SH,126.452639,37.730694,,outside_current_370_cell_grid,exclude_without_imputation
SH_AL_24_07_44,JEON_2025_GANGHWA_2024,2024,JEON_2025_GANGHWA_2024_SH,126.452639,37.730694,,outside_current_370_cell_grid,exclude_without_imputation
SH_AL_24_07_45,JEON_2025_GANGHWA_2024,2024,JEON_2025_GANGHWA_2024_SH,126.452639,37.730694,,outside_current_370_cell_grid,exclude_without_imputation
SH_AL_24_07_46,JEON_2025_GANGHWA_2024,2024,JEON_2025_GANGHWA_2024_SH,126.452639,37.730694,,outside_current_370_cell_grid,exclude_without_imputation
SH_AL_24_07_5,JEON_2025_GANGHWA_2024,2024,JEON_2025_GANGHWA_2024_SH,126.452639,37.730694,,outside_current_370_cell_grid,exclude_without_imputation
SH_AL_24_07_6,JEON_2025_GANGHWA_2024,2024,JEON_2025_GANGHWA_2024_SH,126.452639,37.730694,,outside_current_370_cell_grid,exclude_without_imputation
SH_AL_24_07_7,JEON_2025_GANGHWA_2024,2024,JEON_2025_GANGHWA_2024_SH,126.452639,37.730694,,outside_current_370_cell_grid,exclude_without_imputation
SH_AL_24_07_9,JEON_2025_GANGHWA_2024,2024,JEON_2025_GANGHWA_2024_SH,126.452639,37.730694,,outside_current_370_cell_grid,exclude_without_imputation
SH_AL_24_08_1,JEON_2025_GANGHWA_2024,2024,JEON_2025_GANGHWA_2024_SH,126.452639,37.730694,,outside_current_370_cell_grid,exclude_without_imputation
SH_AL_24_08_11,JEON_2025_GANGHWA_2024,2024,JEON_2025_GANGHWA_2024_SH,126.452639,37.730694,,outside_current_370_cell_grid,exclude_without_imputation
SH_AL_24_08_12,JEON_2025_GANGHWA_2024,2024,JEON_2025_GANGHWA_2024_SH,126.452639,37.730694,,outside_current_370_cell_grid,exclude_without_imputation
SH_AL_24_08_13,JEON_2025_GANGHWA_2024,2024,JEON_2025_GANGHWA_2024_SH,126.452639,37.730694,,outside_current_370_cell_grid,exclude_without_imputation
SH_AL_24_08_14,JEON_2025_GANGHWA_2024,2024,JEON_2025_GANGHWA_2024_SH,126.452639,37.730694,,outside_current_370_cell_grid,exclude_without_imputation
SH_AL_24_08_15,JEON_2025_GANGHWA_2024,2024,JEON_2025_GANGHWA_2024_SH,126.452639,37.730694,,outside_current_370_cell_grid,exclude_without_imputation
SH_AL_24_08_2,JEON_2025_GANGHWA_2024,2024,JEON_2025_GANGHWA_2024_SH,126.452639,37.730694,,outside_current_370_cell_grid,exclude_without_imputation
SH_AL_24_08_3,JEON_2025_GANGHWA_2024,2024,JEON_2025_GANGHWA_2024_SH,126.452639,37.730694,,outside_current_370_cell_grid,exclude_without_imputation
SH_AL_24_08_4,JEON_2025_GANGHWA_2024,2024,JEON_2025_GANGHWA_2024_SH,126.452639,37.730694,,outside_current_370_cell_grid,exclude_without_imputation
SH_AL_24_08_5,JEON_2025_GANGHWA_2024,2024,JEON_2025_GANGHWA_2024_SH,126.452639,37.730694,,outside_current_370_cell_grid,exclude_without_imputation
SH_AL_24_08_6,JEON_2025_GANGHWA_2024,2024,JEON_2025_GANGHWA_2024_SH,126.452639,37.730694,,outside_current_370_cell_grid,exclude_without_imputation
SH_AL_24_08_7,JEON_2025_GANGHWA_2024,2024,JEON_2025_GANGHWA_2024_SH,126.452639,37.730694,,outside_current_370_cell_grid,exclude_without_imputation
SH_AL_24_09_10,JEON_2025_GANGHWA_2024,2024,JEON_2025_GANGHWA_2024_SH,126.452639,37.730694,,outside_current_370_cell_grid,exclude_without_imputation
SH_AL_24_09_11,JEON_2025_GANGHWA_2024,2024,JEON_2025_GANGHWA_2024_SH,126.452639,37.730694,,outside_current_370_cell_grid,exclude_without_imputation
SH_AL_24_09_12,JEON_2025_GANGHWA_2024,2024,JEON_2025_GANGHWA_2024_SH,126.452639,37.730694,,outside_current_370_cell_grid,exclude_without_imputation
SH_AL_24_09_13,JEON_2025_GANGHWA_2024,2024,JEON_2025_GANGHWA_2024_SH,126.452639,37.730694,,outside_current_370_cell_grid,exclude_without_imputation
SH_AL_24_09_14,JEON_2025_GANGHWA_2024,2024,JEON_2025_GANGHWA_2024_SH,126.452639,37.730694,,outside_current_370_cell_grid,exclude_without_imputation
SH_AL_24_09_15,JEON_2025_GANGHWA_2024,2024,JEON_2025_GANGHWA_2024_SH,126.452639,37.730694,,outside_current_370_cell_grid,exclude_without_imputation
SH_AL_24_09_20,JEON_2025_GANGHWA_2024,2024,JEON_2025_GANGHWA_2024_SH,126.452639,37.730694,,outside_current_370_cell_grid,exclude_without_imputation
SH_AL_24_09_21,JEON_2025_GANGHWA_2024,2024,JEON_2025_GANGHWA_2024_SH,126.452639,37.730694,,outside_current_370_cell_grid,exclude_without_imputation
SH_AL_24_09_3,JEON_2025_GANGHWA_2024,2024,JEON_2025_GANGHWA_2024_SH,126.452639,37.730694,,outside_current_370_cell_grid,exclude_without_imputation
SH_AL_24_09_6,JEON_2025_GANGHWA_2024,2024,JEON_2025_GANGHWA_2024_SH,126.452639,37.730694,,outside_current_370_cell_grid,exclude_without_imputation
SH_AL_24_09_8,JEON_2025_GANGHWA_2024,2024,JEON_2025_GANGHWA_2024_SH,126.452639,37.730694,,outside_current_370_cell_grid,exclude_without_imputation
SH_AL_24_09_9,JEON_2025_GANGHWA_2024,2024,JEON_2025_GANGHWA_2024_SH,126.452639,37.730694,,outside_current_370_cell_grid,exclude_without_imputation
