source_id,year,site_id,site_name,longitude,latitude,period,observation_type,species,value,unit,denominator,total_anopheles_identified,sampling_effort,taxonomic_basis,data_granularity,validation_role,source_url,notes
LEE_2022_FIELD_2020,2020,LEE2020_GYEONGGI_ALL,Gyeonggi 8-site study aggregate,,,May-early November 2020,published_study_aggregate,Anopheles sinensis,165,specimens_assayed_as_An_sinensis,1622,1864,Mosquito Magnet traps; six high-risk near-DMZ sites plus Yongsan and Humphreys USAG; exact trap-hours not in reviewed abstract,PCR,study_aggregate,context_only_until_site_rows_obtained,https://doi.org/10.1093/jme/tjac086,Do not merge with site-level counts as if they shared a common denominator.
JEON_2025_FIELD_2021,2021,JEON2021_NNSC,NNSC,126.679975,37.954775,April-October 2021,published_site_period_count,Anopheles sinensis,4,specimens_over_collection_period,,489,Mosquito Magnet traps; biweekly collection; exact trap-hours and site-specific non-detection denominators not reported in Table 1,multiplex_PCR,site_period_aggregate,site_period_context; not a weekly rate,https://journals.plos.org/plosntds/article?id=10.1371/journal.pntd.0012748,Coordinates transcribed from the article methods; counts transcribed from Table 1.
JEON_2025_FIELD_2021,2021,JEON2021_Daeseong_dong,Daeseong-dong,126.67705,37.941197,April-October 2021,published_site_period_count,Anopheles sinensis,26,specimens_over_collection_period,,489,Mosquito Magnet traps; biweekly collection; exact trap-hours and site-specific non-detection denominators not reported in Table 1,multiplex_PCR,site_period_aggregate,site_period_context; not a weekly rate,https://journals.plos.org/plosntds/article?id=10.1371/journal.pntd.0012748,Coordinates transcribed from the article methods; counts transcribed from Table 1.
JEON_2025_FIELD_2021,2021,JEON2021_South_Gate,South Gate,126.720961,37.934314,April-October 2021,published_site_period_count,Anopheles sinensis,2,specimens_over_collection_period,,489,Mosquito Magnet traps; biweekly collection; exact trap-hours and site-specific non-detection denominators not reported in Table 1,multiplex_PCR,site_period_aggregate,site_period_context; not a weekly rate,https://journals.plos.org/plosntds/article?id=10.1371/journal.pntd.0012748,Coordinates transcribed from the article methods; counts transcribed from Table 1.
JEON_2025_FIELD_2021,2021,JEON2021_Camp_Bonifas,Camp Bonifas,126.722703,37.932014,April-October 2021,published_site_period_count,Anopheles sinensis,8,specimens_over_collection_period,,489,Mosquito Magnet traps; biweekly collection; exact trap-hours and site-specific non-detection denominators not reported in Table 1,multiplex_PCR,site_period_aggregate,site_period_context; not a weekly rate,https://journals.plos.org/plosntds/article?id=10.1371/journal.pntd.0012748,Coordinates transcribed from the article methods; counts transcribed from Table 1.
JEON_2025_FIELD_2021,2021,JEON2021_Warrior_Base,Warrior Base,126.741594,37.917767,April-October 2021,published_site_period_count,Anopheles sinensis,27,specimens_over_collection_period,,489,Mosquito Magnet traps; biweekly collection; exact trap-hours and site-specific non-detection denominators not reported in Table 1,multiplex_PCR,site_period_aggregate,site_period_context; not a weekly rate,https://journals.plos.org/plosntds/article?id=10.1371/journal.pntd.0012748,Coordinates transcribed from the article methods; counts transcribed from Table 1.
JEON_2025_FIELD_2021,2021,JEON2021_Dagmar_North,Dagmar North,126.844689,37.974958,April-October 2021,published_site_period_count,Anopheles sinensis,4,specimens_over_collection_period,,489,Mosquito Magnet traps; biweekly collection; exact trap-hours and site-specific non-detection denominators not reported in Table 1,multiplex_PCR,site_period_aggregate,site_period_context; not a weekly rate,https://journals.plos.org/plosntds/article?id=10.1371/journal.pntd.0012748,Coordinates transcribed from the article methods; counts transcribed from Table 1.
JEON_2025_FIELD_2021,2021,JEON2021_Yongsan_USAG,Yongsan USAG,126.9815,37.532278,April-October 2021,published_site_period_count,Anopheles sinensis,17,specimens_over_collection_period,,489,Mosquito Magnet traps; biweekly collection; exact trap-hours and site-specific non-detection denominators not reported in Table 1,multiplex_PCR,site_period_aggregate,site_period_context; not a weekly rate,https://journals.plos.org/plosntds/article?id=10.1371/journal.pntd.0012748,Coordinates transcribed from the article methods; counts transcribed from Table 1.
JEON_2025_FIELD_2021,2021,JEON2021_Humphreys_USAG,Humphreys USAG,127.028167,36.955528,April-October 2021,published_site_period_count,Anopheles sinensis,34,specimens_over_collection_period,,489,Mosquito Magnet traps; biweekly collection; exact trap-hours and site-specific non-detection denominators not reported in Table 1,multiplex_PCR,site_period_aggregate,site_period_context; not a weekly rate,https://journals.plos.org/plosntds/article?id=10.1371/journal.pntd.0012748,Coordinates transcribed from the article methods; counts transcribed from Table 1.
